/*
SQLyog Ultimate v8.82 
MySQL - 5.1.73-1+deb6u1 : Database - k0902691_ensgj
*********************************************************************
*/

/*!40101 SET NAMES utf8 */;

/*!40101 SET SQL_MODE=''*/;

/*!40014 SET @OLD_UNIQUE_CHECKS=@@UNIQUE_CHECKS, UNIQUE_CHECKS=0 */;
/*!40014 SET @OLD_FOREIGN_KEY_CHECKS=@@FOREIGN_KEY_CHECKS, FOREIGN_KEY_CHECKS=0 */;
/*!40101 SET @OLD_SQL_MODE=@@SQL_MODE, SQL_MODE='NO_AUTO_VALUE_ON_ZERO' */;
/*!40111 SET @OLD_SQL_NOTES=@@SQL_NOTES, SQL_NOTES=0 */;

/*Table structure for table `akses` */

DROP TABLE IF EXISTS `akses`;

CREATE TABLE `akses` (
  `id` int(11) NOT NULL AUTO_INCREMENT,
  `id_pemakai` int(11) DEFAULT NULL,
  `id_menu` tinyint(4) DEFAULT NULL,
  PRIMARY KEY (`id`)
) ENGINE=InnoDB AUTO_INCREMENT=402 DEFAULT CHARSET=latin1;

/*Data for the table `akses` */

insert  into `akses`(`id`,`id_pemakai`,`id_menu`) values (83,5,22),(84,5,25),(85,5,26),(86,5,30),(87,5,33),(88,5,36),(115,1,1),(116,1,2),(117,1,3),(118,1,4),(119,1,5),(120,1,6),(121,1,7),(122,1,8),(123,1,9),(124,1,10),(125,1,11),(126,1,12),(127,1,13),(128,1,14),(129,1,15),(130,1,16),(131,1,17),(132,1,18),(133,1,19),(134,1,20),(135,1,21),(136,1,22),(137,1,23),(138,1,24),(139,1,25),(140,1,26),(141,1,27),(142,1,29),(143,1,30),(144,1,31),(145,1,32),(146,1,33),(147,1,34),(148,1,35),(149,1,36),(150,1,37),(151,1,38),(152,1,39),(153,1,40),(154,1,41),(155,1,42),(156,1,43),(209,6,8),(210,6,9),(211,6,10),(212,6,11),(213,6,12),(214,6,13),(215,6,22),(216,6,23),(217,6,24),(218,6,40),(219,6,41),(220,6,42),(221,6,43),(239,4,18),(240,4,19),(241,4,20),(242,4,21),(243,4,40),(244,4,41),(245,4,42),(246,4,43),(271,2,1),(272,2,2),(273,2,3),(274,2,4),(275,2,5),(276,2,6),(277,2,7),(278,2,8),(279,2,9),(280,2,10),(281,2,11),(282,2,12),(283,2,13),(284,2,14),(285,2,15),(286,2,16),(287,2,17),(288,2,18),(289,2,19),(290,2,20),(291,2,21),(292,2,22),(293,2,23),(294,2,24),(295,2,25),(296,2,26),(297,2,27),(298,2,29),(299,2,30),(300,2,31),(301,2,44),(302,2,32),(303,2,33),(304,2,34),(305,2,35),(306,2,36),(307,2,37),(308,2,38),(309,2,39),(310,2,40),(311,2,41),(312,2,42),(313,2,43),(390,3,8),(391,3,9),(392,3,12),(393,3,26),(394,3,27),(395,3,29),(396,3,31),(397,3,44),(398,3,40),(399,3,41),(400,3,42),(401,3,43);

/*Table structure for table `akses_menu` */

DROP TABLE IF EXISTS `akses_menu`;

CREATE TABLE `akses_menu` (
  `id` int(11) NOT NULL AUTO_INCREMENT,
  `urutan` int(11) NOT NULL DEFAULT '0',
  `nama` varchar(50) NOT NULL,
  `url` varchar(100) NOT NULL DEFAULT '#',
  `level` varchar(1) NOT NULL,
  `induk` tinyint(4) NOT NULL DEFAULT '0',
  `icon` varchar(50) NOT NULL,
  PRIMARY KEY (`id`)
) ENGINE=InnoDB AUTO_INCREMENT=45 DEFAULT CHARSET=latin1;

/*Data for the table `akses_menu` */

insert  into `akses_menu`(`id`,`urutan`,`nama`,`url`,`level`,`induk`,`icon`) values (1,1,'Master Data','#','1',0,'fa fa-th'),(2,1,'Bank','./modules/view/master-data/bank.php','2',1,'-'),(3,2,'Jabatan','./modules/view/master-data/jabatan.php','2',1,'-'),(4,3,'Karyawan','./modules/view/master-data/karyawan.php','2',1,'-'),(5,4,'User','./modules/view/master-data/user.php','2',1,'-'),(6,5,'Kasir','./modules/view/master-data/kasir.php','2',1,'-'),(7,6,'Kendaraan','./modules/view/master-data/kendaraan.php','2',1,'-'),(8,2,'Keuangan','#','1',0,'fa fa-dollar'),(9,1,'Kode Akun','./modules/view/keuangan/akun_kas.php','2',8,'-'),(10,2,'Kas Masuk','./modules/view/keuangan/tambah_dana_kasir.php','2',8,'-'),(11,3,'Kas Keluar','./modules/view/keuangan/pengeluaran_kas_kecil.php','2',8,'-'),(12,4,'Setoran Bank','./modules/view/keuangan/setor_bank.php','2',8,'-'),(13,5,'Tarikan Bank','./modules/view/keuangan/tarik_bank.php','2',8,'-'),(14,3,'Utility','#','1',0,'fa fa-gears'),(15,1,'Ubah Harga Tebus','./modules/view/utility/harga_beli_tabung.php','2',14,'-'),(16,2,'HET Penjualan','./modules/view/utility/het_penjualan.php','2',14,'-'),(17,3,'Stok Opname','./modules/view/utility/stok_opname.php','2',14,'-'),(18,4,'Konsumen','#','1',0,'fa fa-user'),(19,1,'Data Konsumen','./modules/view/konsumen/konsumen.php','2',18,'-'),(20,2,'Harga Jual','./modules/view/konsumen/harga_jual.php','2',18,'-'),(21,3,'Alokasi Pangkalan','./modules/view/konsumen/kuota_jual.php','2',18,'-'),(22,5,'Tebus','#','1',0,'fa fa-location-arrow'),(23,1,'Tebus LPG','./modules/view/pembelian/pembelian.php','2',22,'-'),(24,2,'Loading','./modules/view/pembelian/loading.php','2',22,'-'),(25,3,'Acc Gudang','./modules/view/pembelian/acc_gudang.php','2',22,'-'),(26,6,'Penjualan','#','1',0,'fa fa-shopping-cart'),(27,1,'Penjualan','./modules/view/penjualan/penjualan.php','2',26,'-'),(29,2,'Pelunasan','./modules/view/penjualan/pelunasan.php','2',26,'-'),(30,3,'Acc Gudang','./modules/view/penjualan/acc_gudang.php','2',26,'-'),(31,4,'Setor Bank','./modules/view/penjualan/setor_bank.php','2',26,'-'),(32,6,'Hapus Penjualan','./modules/view/penjualan/hapus_penjualan.php','2',26,'-'),(33,7,'Pinjam Tabung','#','1',0,'fa fa-code-fork'),(34,1,'Pinjaman','./modules/view/pinjam_tabung/pinjaman.php','2',33,'-'),(35,2,'Pengembalian','./modules/view/pinjam_tabung/pengembalian.php','2',33,'-'),(36,3,'Acc Gudang','./modules/view/pinjam_tabung/acc_gudang.php','2',33,'-'),(37,8,'Pengajuan Dana','#','1',0,'fa fa-level-up'),(38,1,'Pengajuan','./modules/view/pengajuan_dana/pengajuan.php','2',37,'-'),(39,2,'Acc Pengajuan','./modules/view/pengajuan_dana/acc_pengajuan.php','2',37,'-'),(40,9,'Laporan','#','1',0,'fa fa-book'),(41,1,'Penebusan','./modules/view/laporan/pembelian.php','2',40,'-'),(42,2,'Penjualan','./modules/view/laporan/penjualan.php','2',40,'-'),(43,3,'Kas Kecil','./modules/view/laporan/kas_kecil.php','2',40,'-'),(44,5,'Ambil BG','./modules/view/penjualan/ambil_bg.php','2',26,'-');

/*Table structure for table `akun_kas` */

DROP TABLE IF EXISTS `akun_kas`;

CREATE TABLE `akun_kas` (
  `kode` varchar(10) NOT NULL,
  `nama_akun` varchar(100) DEFAULT NULL,
  `hapus` varchar(1) DEFAULT NULL,
  PRIMARY KEY (`kode`)
) ENGINE=InnoDB DEFAULT CHARSET=latin1;

/*Data for the table `akun_kas` */

insert  into `akun_kas`(`kode`,`nama_akun`,`hapus`) values ('11101','Kas','0'),('11104','Kas Dollar','0'),('1121','Bank Rp','0'),('11211','Bank BCA 009-317-799-9','0'),('11212','Bank Bukopin 100-274-0181','0'),('11213','Pph 23','0'),('11214','Pph 25','0'),('11215','Ppn Masukan','0'),('1122','Bank US','0'),('113','Deposito','0'),('114','Piutang','0'),('1141','Piutang Dagang','0'),('11411','Piutang Pertamina','0'),('1142','Piutang Karyawan','0'),('1143','Piutang Lain-lain','0'),('115','Persediaan','0'),('11501','Persediaan LPG 3Kg','0'),('11502','Persediaan Tabung 3Kg','0'),('11503','Potongan Pembelian','0'),('116','Uang Muka','0'),('11601','UM Bangunan','0'),('11602','UM Mesin / Perlengkapan','0'),('11603','UM Asr. Kendaraan','0'),('11604','UM. Pembelian','0'),('11605','Sewa Dibayar Dimuka','0'),('117','Pajak Dibayar Dimuka','0'),('11701','Pph Pasal 23','0'),('11702','Pph Pasal 25','0'),('11703','Ppn Masukan','0'),('11704','Ppn Masukan Belum Faktur','0'),('118','Deposit','0'),('119','Biaya Dibayar Dimuka','0'),('11901','Premi Asuransi','0'),('121','Harga Perolehan','0'),('12101','Tanah','0'),('12102','Bangunan','0'),('12103','Mesin dan Perlengkapan','0'),('12104','Tabung Elpiji','0'),('12105','Kendaraan','0'),('12106','Instalasi Listrik','0'),('12107','Inventaris Kantor','0'),('12108','Instalasi Mesin','0'),('12109','Instalasi Tabung','0'),('12110','Sumur Bor','0'),('122','Akumulasi Penyusutan','0'),('12201','Akum Penyusutan Tanah','0'),('12202','Akum Penyusutan Bangunan','0'),('12203','Akum Penyusutan Mesin dan Perlengkapan','0'),('12204','Akum Penyusutan Tabung Elpiji','0'),('12205','Akum Penyusutan Kendaraan','0'),('12206','Akum Penyusutan Instalasi Listrik','0'),('12207','Akum Penyusutan Inventaris Kantor','0'),('12208','Akum Penyusutan Instalasi Mesin','0'),('12209','Akum Penyusutan Instalasi Tabung','0'),('12210','Akum Penyusutan Sumur Bor','0'),('12211','Akum Amortisasi Royalty Pertamina','0'),('131','Aktiva Lain - lain','0'),('13101','Bangunan Dalam Penyelesaian','0'),('13102','Biaya Pra Operasi','0'),('13103','Amortisasi Biaya Pra Operasi','0'),('13104','Biaya Ditangguhkan','0'),('13105','Amortisasi Biaya Ditangguhkan','0'),('13106','Royalty Pertamina','0'),('211','Hutang Dagang','0'),('212','Pendapatan Diterima Dimuka','0'),('213','Hutang Biaya','0'),('21301','Hutang Gaji','0'),('21302','Hutang Kendaraan','0'),('21303','Hutang Mesin dan Perlengkapan','0'),('21305','Hutang Instalasi Listrik','0'),('21306','Hutang Instalasi Tabung','0'),('21307','Hutang Bangunan','0'),('214','Hutang Pajak','0'),('21401','Pph Pasal 21','0'),('21402','Pph Pasal 25','0'),('21403','Ppn Keluaran','0'),('21404','Pph Pasal 29','0'),('221','Hutang Bank','0'),('22101','Hutang Bank BCA','0'),('22102','Hutang Bank Bukopin','0'),('231','Hutang Lain-lain','0'),('23101','Hutang Pemegang Saham','0'),('3','Modal dan Ekuitas','0'),('31000','Modal','0'),('32000','Laba (Rugi) Ditahan','0'),('33000','Laba (rugi) periode berjalan','0'),('4','Pendapatan','0'),('41000','Pendapatan LPG 3kg','0'),('42000','Pendapatan Tbung 3kg','0'),('43000','Pendapatan Transport Fee','0'),('5','Harga Pokok','0'),('51000','HPP LPG 3KG','0'),('52000','HPP Tabung 3kg','0'),('6','Biaya Operasi','0'),('600','Biaya langsung','0'),('60001','Transportasi','0'),('60002','Segel','0'),('700','Biaya Tenaga kerja','0'),('70001','Gaji','0'),('70002','THR/ GRATIFIKASI/BONUS','0'),('70003','Trasnprt/UM','0'),('70004','Lembur','0'),('70005','Jamsostek','0'),('70006','Gaji tenaga harian','0'),('70007','THR/ Gratifikasi/Bonus Tenga harian','0'),('70008','trasnport/ UM tenaga H','0'),('70009','Lembur Tenga H','0'),('70010','Insentif/Komisi Penjualan','0'),('70011','Pengobatan','0'),('8','Biaya Umum dan Administrasi','0'),('80001','Perijinan','0'),('80002','Telepon','0'),('80003','Listrik','0'),('80004','Air','0'),('80005','Perjalanan Dinas','0'),('80006','Promosi','0'),('80007','Jamuan Tamu','0'),('80008','Pendidikan','0'),('80009','Bahan Bakar Kendaraan','0'),('80010','Bahan Bakar Genset','0'),('80011','Alat Tulis Kantor','0'),('80012','Operasional Kantor','0'),('80013','Pengiriman dan Materai','0'),('80014','Majalah dan Koran','0'),('80015','Iuran','0'),('80016','Cetakan dan Fotokopy','0'),('80017','Parkir dan Tol','0'),('80018','Administrasi Bank','0'),('80019','PBB','0'),('80020','Pph Pasal 21','0'),('80021','Pajak','0'),('80022','Asuransi Tanah / Bangunan','0'),('80023','asuransi Mesin / Perlengkapan','0'),('80024','Asuransi Kendaraan','0'),('80025','Pemeliharaan Bangunan','0'),('80026','Pemeliharaan Mesin / Perlengkapan','0'),('80027','Pemeliharaan Kendaraan','0'),('80028','Pemeliharaan Inventaris Kantor','0'),('80029','Peny. Bangunan','0'),('80030','Peny. Mesin dan Perlengkapan','0'),('80031','Peny. Kendaraan','0'),('80032','Peny. Instalasi Listrik','0'),('80033','Peny. Inventaris Kantor','0'),('80034','Amortisasi Biaya Pra Operasi','0'),('80035','Amortisasi Biaya Ditangguhkan','0'),('80036','Sumbangan','0'),('80037','Seragam dan Pelengkap','0'),('80038','Lain - lain','0'),('80039','Sewa Ruangan','0'),('80040','Asuransi Pengiriman','0'),('80041','Audit KAP','0'),('80042','Sewa Mobil','0'),('80043','Software','0'),('80044','Pajak Kendaraan','0'),('80045','Bunga Bank','0'),('9','Pendapatan (Biaya) Diluar Operasi','0'),('910','Pendapatan Diluar Operasi','0'),('91001','Jasa Giro','0'),('91002','Pendapatan Bunga Deposito','0'),('91003','Keuntungan Selisih Kurs','0'),('91004','Keuntungan Penjualan Aktiva','0'),('91005','Pembulatan','0'),('91006','Pendapatan Lain - lain','0'),('920','Biaya Diluar Operasi','0'),('92001','Pajak Jasa Giro','0'),('92002','Pajak Bunga Bank','0'),('92003','Kerugian selisih kurs','0'),('92004','Kerugian Penjualan Aktiva','0'),('92005','Pembulatan','0'),('92006','Biaya Lain - lain','0'),('92007','Biaya Admin Bank','0'),('SA','Saldo Awal','0');

/*Table structure for table `bank` */

DROP TABLE IF EXISTS `bank`;

CREATE TABLE `bank` (
  `id` int(11) NOT NULL AUTO_INCREMENT,
  `nama` varchar(30) DEFAULT NULL,
  `nomor_rekening` varchar(30) DEFAULT NULL,
  `saldo` double DEFAULT NULL,
  `hapus` varchar(1) DEFAULT NULL,
  PRIMARY KEY (`id`)
) ENGINE=InnoDB AUTO_INCREMENT=3 DEFAULT CHARSET=latin1;

/*Data for the table `bank` */

insert  into `bank`(`id`,`nama`,`nomor_rekening`,`saldo`,`hapus`) values (1,'BCA Energas Nusantara','0093177999',1409362251.44,'0'),(2,'BCA Sumber Gasindo Jaya','0095072858',1522833747.67,'0');

/*Table structure for table `barang` */

DROP TABLE IF EXISTS `barang`;

CREATE TABLE `barang` (
  `id` int(11) NOT NULL AUTO_INCREMENT,
  `nama` varchar(50) DEFAULT NULL,
  `stok_isi` double DEFAULT NULL,
  `stok_kosong` double DEFAULT NULL,
  `stok_pinjam` double DEFAULT NULL,
  `het` double DEFAULT NULL,
  `harga_beli` double DEFAULT NULL,
  PRIMARY KEY (`id`)
) ENGINE=InnoDB AUTO_INCREMENT=5 DEFAULT CHARSET=latin1;

/*Data for the table `barang` */

insert  into `barang`(`id`,`nama`,`stok_isi`,`stok_kosong`,`stok_pinjam`,`het`,`harga_beli`) values (1,'LPG 3Kg',-5810,9037,1062,14250,11584.78),(2,'LPG 12Kg',-79,518,0,0,119216.64),(3,'LPG 50Kg',-48,95,0,0,482059),(4,'LPG Bright Gas',88,57,0,0,120368.18);

/*Table structure for table `karyawan` */

DROP TABLE IF EXISTS `karyawan`;

CREATE TABLE `karyawan` (
  `id` int(11) NOT NULL AUTO_INCREMENT,
  `nama` varchar(50) DEFAULT NULL,
  `id_level` int(11) DEFAULT NULL,
  `jk` varchar(1) DEFAULT NULL,
  `hapus` varchar(1) DEFAULT NULL,
  PRIMARY KEY (`id`)
) ENGINE=InnoDB AUTO_INCREMENT=16 DEFAULT CHARSET=latin1;

/*Data for the table `karyawan` */

insert  into `karyawan`(`id`,`nama`,`id_level`,`jk`,`hapus`) values (1,'Rifky Zulfikar',1,'L','0'),(2,'Michael Sandjaja',2,'L','0'),(3,'Harjito',3,'L','0'),(4,'Samidi',3,'L','0'),(5,'Novi',4,'P','0'),(6,'Yulius',4,'L','0'),(7,'Ronny',5,'L','0'),(8,'Muthosin',6,'L','0'),(9,'Yulia',4,'P','0'),(10,'Husen',6,'L','0'),(11,'Sapari',6,'L','0'),(12,'Casmari',3,'L','0'),(13,'Daniel',2,'L','0'),(14,'Maskuri',3,'L','0'),(15,'Manaf',5,'L','0');

/*Table structure for table `kas_bank` */

DROP TABLE IF EXISTS `kas_bank`;

CREATE TABLE `kas_bank` (
  `id` varchar(13) NOT NULL,
  `id_bank` int(11) DEFAULT NULL,
  `no_bukti` text,
  `tgl` date DEFAULT NULL,
  `keterangan` text,
  `setor` double DEFAULT NULL,
  `tarik` double DEFAULT NULL,
  `bea_admin` double DEFAULT NULL,
  `saldo` double DEFAULT NULL,
  `id_karyawan` int(11) DEFAULT NULL,
  `tgl_input` timestamp NULL DEFAULT CURRENT_TIMESTAMP,
  `jenis` varchar(1) DEFAULT '1' COMMENT '1=tunai,2=trf,3cek/bg',
  PRIMARY KEY (`id`)
) ENGINE=InnoDB DEFAULT CHARSET=latin1;

/*Data for the table `kas_bank` */

insert  into `kas_bank`(`id`,`id_bank`,`no_bukti`,`tgl`,`keterangan`,`setor`,`tarik`,`bea_admin`,`saldo`,`id_karyawan`,`tgl_input`,`jenis`) values ('EKB1511110001',1,'0000','2015-11-11','Saldo Awal',1331759642.44,0,0,1331759642.44,1,'2015-11-11 02:52:53','1'),('EKB1511110002',2,'0000','2015-11-11','Saldo Awal',1501928547,0,0,1501928547,1,'2015-11-11 03:05:30','1'),('EKB1511110003',1,'100340','2015-11-11','Penjualan EGN15111101',1425000,0,0,1333184642.44,5,'2015-11-11 07:01:14','1'),('EKB1511110004',1,'100341','2015-11-11','Penjualan EGN15111102',1425000,0,0,1334609642.44,5,'2015-11-11 07:02:46','1'),('EKB1511110005',1,'100342','2015-11-11','Penjualan EGN15111103',1425000,0,0,1336034642.44,5,'2015-11-11 07:03:48','1'),('EKB1511110006',1,'100343','2015-11-11','Penjualan EGN15111104',1425000,0,0,1337459642.44,5,'2015-11-11 07:08:42','1'),('EKB1511110007',1,'100344','2015-11-11','Penjualan EGN15111105',1425000,0,0,1338884642.44,5,'2015-11-11 07:09:58','1'),('EKB1511110008',1,'100345','2015-11-11','Penjualan EGN15111106',2280000,0,0,1341164642.44,5,'2015-11-11 07:11:15','1'),('EKB1511110009',1,'100346','2015-11-11','Penjualan EGN15111107',1425000,0,0,1342589642.44,5,'2015-11-11 07:12:19','1'),('EKB1511110010',1,'100347','2015-11-11','Penjualan EGN15111108',1425000,0,0,1344014642.44,5,'2015-11-11 07:13:17','1'),('EKB1511110011',1,'100348','2015-11-11','Penjualan EGN15111109',1140000,0,0,1345154642.44,5,'2015-11-11 07:14:03','1'),('EKB1511110012',2,'100042','2015-11-11','Penjualan SGJ15111101',398400,0,0,1502326947.67,5,'2015-11-11 07:22:05','1'),('EKB1511110013',1,'z699-CRM-0','2015-11-11','Penjualan EGN15111113',1140000,0,0,1346294642.44,5,'2015-11-11 09:24:34','1'),('EKB1511110014',1,'z699-CRM-0','2015-11-11','Penjualan EGN15111114',1140000,0,0,1347434642.44,5,'2015-11-11 09:25:51','1'),('EKB1511110015',1,'z699-CRM-0','2015-11-11','Penjualan EGN15111115',1425000,0,0,1348859642.44,5,'2015-11-11 09:26:47','1'),('EKB1511110016',1,'z699-CRM-0','2015-11-11','Penjualan EGN15111116',1425000,0,0,1350284642.44,5,'2015-11-11 09:27:49','1'),('EKB1511120001',1,'100349','2015-11-12','Penjualan EGN15111201',1425000,0,0,1351709642.44,5,'2015-11-12 02:57:41','1'),('EKB1511120002',1,'100350','2015-11-12','Penjualan EGN15111202',1425000,0,0,1353134642.44,5,'2015-11-12 02:58:33','1'),('EKB1511120003',1,'100351','2015-11-12','Penjualan EGN15111203',1425000,0,0,1354559642.44,5,'2015-11-12 02:59:30','1'),('EKB1511120004',2,'100043','2015-11-12','Penjualan SGJ15111203',398400,0,0,1502725347.67,5,'2015-11-12 04:34:55','1'),('EKB1511120005',1,'0009107T51','2015-11-12','Setoran Penjualan EGN15111110',1700000,0,0,1356259642.44,5,'2015-11-12 05:05:15','1'),('EKB1511120006',1,'0009107T51','2015-11-12','Setoran Penjualan EGN15111111',750000,0,0,1357009642.44,5,'2015-11-12 05:06:03','1'),('EKB1511120007',1,'0009107T51','2015-11-12','Setoran Penjualan EGN15111112',712500,0,0,1357722142.44,5,'2015-11-12 05:06:33','1'),('EKB1511120008',2,'0009107T51','2015-11-12','Setoran Penjualan SGJ15111105',670000,0,0,1503395347.67,5,'2015-11-12 05:07:42','1'),('EKB1511120009',2,'0009107T51','2015-11-12','Setoran Penjualan SGJ15111106',402000,0,0,1503797347.67,5,'2015-11-12 05:08:00','1'),('EKB1511120010',2,'0009107T51','2015-11-12','Setoran Penjualan SGJ15111107',402000,0,0,1504199347.67,5,'2015-11-12 05:08:13','1'),('EKB1511120011',2,'0009107T51','2015-11-12','Setoran Penjualan SGJ15111108',945000,0,0,1505144347.67,5,'2015-11-12 05:08:46','1'),('EKB1511120012',2,'0009107T51','2015-11-12','Setoran Penjualan SGJ15111109',268000,0,0,1505412347.67,5,'2015-11-12 05:09:07','1'),('EKB1511120013',2,'0009107T51','2015-11-12','Setoran Penjualan SGJ15111110',134000,0,0,1505546347.67,5,'2015-11-12 05:09:19','1'),('EKB1511120014',2,'0009107T51','2015-11-12','Setoran Penjualan SGJ15111111',938000,0,0,1506484347.67,5,'2015-11-12 05:10:15','1'),('EKB1511120015',2,'0009107T51','2015-11-12','Setoran Penjualan SGJ15111112',140000,0,0,1506624347.67,5,'2015-11-12 05:10:37','1'),('EKB1511120016',2,'0009107T51','2015-11-12','Setoran Penjualan SGJ15111113',532000,0,0,1507156347.67,5,'2015-11-12 05:11:10','1'),('EKB1511120017',2,'0009107T51','2015-11-12','Setoran Penjualan SGJ15111116',268000,0,0,1507424347.67,5,'2015-11-12 05:11:43','1'),('EKB1511120018',2,'0009107T51','2015-11-12','Setoran Penjualan SGJ15111117',274000,0,0,1507698347.67,5,'2015-11-12 05:12:35','1'),('EKB1511120019',2,'0009107T51','2015-11-12','Setoran Penjualan SGJ15111118',270000,0,0,1507968347.67,5,'2015-11-12 05:12:51','1'),('EKB1511120020',1,'100353','2015-11-12','Penjualan EGN15111204',1425000,0,0,1359147142.44,5,'2015-11-12 06:27:43','1'),('EKB1511120021',1,'100354','2015-11-12','Penjualan EGN15111205',1425000,0,0,1360572142.44,5,'2015-11-12 06:28:48','1'),('EKB1511120022',1,'100355','2015-11-12','Penjualan EGN15111206',1140000,0,0,1361712142.44,5,'2015-11-12 06:30:04','1'),('EKB1511120023',1,'100356','2015-11-12','Penjualan EGN15111207',1425000,0,0,1363137142.44,5,'2015-11-12 06:31:48','1'),('EKB1511120024',1,'100357','2015-11-12','Penjualan EGN15111208',1140000,0,0,1364277142.44,5,'2015-11-12 08:37:04','1'),('EKB1511120025',1,'Z699-CRM 0','2015-11-12','Penjualan EGN15111209',1140000,0,0,1365417142.44,5,'2015-11-12 09:07:54','1'),('EKB1511120026',1,'Z699-CRM 0','2015-11-12','Penjualan EGN15111210',1140000,0,0,1366557142.44,5,'2015-11-12 09:08:34','1'),('EKB1511120027',1,'Z699-CRM 0','2015-11-12','Penjualan EGN15111211',1425000,0,0,1367982142.44,5,'2015-11-12 09:09:11','1'),('EKB1511120028',1,'Z699-CRM 0','2015-11-12','Penjualan EGN15111212',1425000,0,0,1369407142.44,5,'2015-11-12 09:11:26','1'),('EKB1511120029',1,'0121557434','2015-11-12','Penjualan EGN15111213',1425000,0,0,1370832142.44,5,'2015-11-12 09:12:37','1'),('EKB1511130001',1,'100358','2015-11-13','Penjualan EGN15111301',1425000,0,0,1372257142.44,5,'2015-11-13 07:04:49','1'),('EKB1511130002',1,'100359','2015-11-13','Penjualan EGN15111302',1425000,0,0,1373682142.44,5,'2015-11-13 07:17:00','1'),('EKB1511130003',1,'100360','2015-11-13','Penjualan EGN15111303',2280000,0,0,1375962142.44,5,'2015-11-13 07:19:11','1'),('EKB1511130004',1,'100361','2015-11-13','Penjualan EGN15111304',1425000,0,0,1377387142.44,5,'2015-11-13 07:31:09','1'),('EKB1511130005',1,'100362','2015-11-13','Penjualan EGN15111305',1425000,0,0,1378812142.44,5,'2015-11-13 07:33:52','1'),('EKB1511130006',1,'100363','2015-11-13','Penjualan EGN15111306',1425000,0,0,1380237142.44,5,'2015-11-13 07:34:52','1'),('EKB1511130007',1,'100364','2015-11-13','Penjualan EGN15111307',1425000,0,0,1381662142.44,5,'2015-11-13 07:36:25','1'),('EKB1511130008',1,'100365','2015-11-13','Penjualan EGN15111308',1425000,0,0,1383087142.44,5,'2015-11-13 07:37:12','1'),('EKB1511130009',1,'Z699-CMR 047','2015-11-13','Penjualan EGN15111309',1140000,0,0,1384227142.44,5,'2015-11-13 07:50:43','1'),('EKB1511130010',1,'Z699-CMR 047','2015-11-13','Penjualan EGN15111310',1140000,0,0,1385367142.44,5,'2015-11-13 07:51:19','1'),('EKB1511130011',1,'Z699-CMR 047','2015-11-13','Penjualan EGN15111311',1425000,0,0,1386792142.44,5,'2015-11-13 07:53:20','1'),('EKB1511130012',1,'Z699-CMR 047','2015-11-13','Penjualan EGN15111312',1425000,0,0,1388217142.44,5,'2015-11-13 07:54:07','1'),('EKB1511130013',2,'100044','2015-11-13','Penjualan SGJ15111304',398400,0,0,1508366747.67,5,'2015-11-13 08:25:25','1'),('EKB1511130014',2,'100045','2015-11-13','Penjualan SGJ15111305',531200,0,0,1508897947.67,5,'2015-11-13 08:29:52','1'),('EKB1511130015',2,'0009092T5103000913110925411180','2015-11-13','Setoran Penjualan SGJ15111201',136000,0,0,1509033947.67,5,'2015-11-13 08:38:49','1'),('EKB1511130016',2,'0009092T5103000913110925411180','2015-11-13','Setoran Penjualan SGJ15111202',136000,0,0,1509169947.67,5,'2015-11-13 08:39:08','1'),('EKB1511130017',2,'0009092T5103000913110925411180','2015-11-13','Setoran Penjualan SGJ15111206',135000,0,0,1509304947.67,5,'2015-11-13 08:39:19','1'),('EKB1511130018',2,'0009092T5103000913110925411180','2015-11-13','Setoran Penjualan SGJ15111208',280000,0,0,1509584947.67,5,'2015-11-13 08:39:24','1'),('EKB1511130019',2,'0009092T5103000913110925411180','2015-11-13','Setoran Penjualan SGJ15111212',268000,0,0,1509852947.67,5,'2015-11-13 08:39:30','1'),('EKB1511130020',2,'0009092T5103000913110925411180','2015-11-13','Setoran Penjualan SGJ15111213',402000,0,0,1510254947.67,5,'2015-11-13 08:39:35','1'),('EKB1511130021',2,'0009092T5103000913110925411180','2015-11-13','Setoran Penjualan SGJ15111214',402000,0,0,1510656947.67,5,'2015-11-13 08:40:28','1'),('EKB1511130022',2,'0009092T5103000913110925411180','2015-11-13','Setoran Penjualan SGJ15111217',1340000,0,0,1511996947.67,5,'2015-11-13 08:40:35','1'),('EKB1511130023',2,'0009092T5103000913110925411180','2015-11-13','Setoran Penjualan SGJ15111218',536000,0,0,1512532947.67,5,'2015-11-13 08:40:40','1'),('EKB1511130024',2,'0009092T5103000913110925411180','2015-11-13','Setoran Penjualan SGJ15111219',402000,0,0,1512934947.67,5,'2015-11-13 08:40:46','1'),('EKB1511130025',2,'0009092T5103000913110925411180','2015-11-13','Setoran Penjualan SGJ15111220',402000,0,0,1513336947.67,5,'2015-11-13 08:40:51','1'),('EKB1511130026',2,'0009092T5103000913110925411180','2015-11-13','Setoran Penjualan SGJ15111221',402000,0,0,1513738947.67,5,'2015-11-13 08:40:56','1'),('EKB1511130027',2,'0009092T5103000913110925241180','2015-11-13','TAGIHAN MAS BARDAL',685000,0,0,1514423947.67,5,'2015-11-13 08:44:23','1'),('EKB1511140001',2,'0009409T5103000916111001041180','2015-11-14','Setoran Penjualan SGJ15111301',268000,0,0,1514691947.67,5,'2015-11-14 06:22:54','1'),('EKB1511140002',2,'0009409T5103000916111001041180','2015-11-14','Setoran Penjualan SGJ15111302',402000,0,0,1515093947.67,5,'2015-11-14 06:23:09','1'),('EKB1511140003',2,'0009409T5103000916111001041180','2015-11-14','Setoran Penjualan SGJ15111303',274000,0,0,1515367947.67,5,'2015-11-14 06:23:16','1'),('EKB1511140004',2,'0009409T5103000916111001041180','2015-11-14','Setoran Penjualan SGJ15111308',270000,0,0,1515637947.67,5,'2015-11-14 06:23:23','1'),('EKB1511140005',2,'0009409T5103000916111001041180','2015-11-14','Setoran Penjualan SGJ15111309',532000,0,0,1516169947.67,5,'2015-11-14 06:23:55','1'),('EKB1511140006',2,'0009409T5103000916111001041180','2015-11-14','Setoran Penjualan SGJ15111310',402000,0,0,1516571947.67,5,'2015-11-14 06:24:09','1'),('EKB1511140007',2,'0009409T5103000916111001041180','2015-11-14','Setoran Penjualan SGJ15111314',670000,0,0,1517241947.67,5,'2015-11-14 06:24:18','1'),('EKB1511140008',2,'0009409T5103000916111001041180','2015-11-14','Setoran Penjualan SGJ15111315',270000,0,0,1517511947.67,5,'2015-11-14 06:24:26','1'),('EKB1511140009',2,'209438','2015-11-13','kas SGJ',0,7200000,0,1510311947.67,9,'2015-11-14 07:24:49','3'),('EKB1511140010',1,'100366','2015-11-14','Penjualan EGN15111402',1425000,0,0,1389642142.44,5,'2015-11-14 07:31:43','1'),('EKB1511140011',1,'100367','2015-11-14','Penjualan EGN15111403',1425000,0,0,1391067142.44,5,'2015-11-14 07:33:16','1'),('EKB1511140012',1,'100368','2015-11-14','Penjualan EGN15111404',1425000,0,0,1392492142.44,5,'2015-11-14 07:34:21','1'),('EKB1511140013',1,'100369','2015-11-14','Penjualan EGN15111405',1425000,0,0,1393917142.44,5,'2015-11-14 07:35:37','1'),('EKB1511140014',1,'100370','2015-11-14','Penjualan EGN15111406',1425000,0,0,1395342142.44,5,'2015-11-14 07:36:37','1'),('EKB1511140015',1,'100371,100372','2015-11-14','Penjualan EGN15111407',1140000,0,0,1396482142.44,5,'2015-11-14 07:37:41','1'),('EKB1511140016',1,'Z698-CRM 047','2015-11-14','Penjualan EGN15111411',1140000,0,0,1397622142.44,5,'2015-11-14 08:57:20','1'),('EKB1511140017',1,'Z698-CRM 047','2015-11-14','Penjualan EGN15111412',1140000,0,0,1398762142.44,5,'2015-11-14 08:57:48','1'),('EKB1511140018',1,'Z698-CRM 047','2015-11-14','Penjualan EGN15111413',1425000,0,0,1400187142.44,5,'2015-11-14 08:58:30','1'),('EKB1511140019',1,'Z698-CRM 047','2015-11-14','Penjualan EGN15111414',1425000,0,0,1401612142.44,5,'2015-11-14 08:59:03','1'),('EKB1511160001',1,'100373','2015-11-16','Penjualan EGN15111601',1425000,0,0,1403037142.44,5,'2015-11-16 02:11:58','1'),('EKB1511160002',1,'100374','2015-11-16','Penjualan EGN15111602',1425000,0,0,1404462142.44,5,'2015-11-16 02:13:50','1'),('EKB1511160003',1,'100375','2015-11-16','Penjualan EGN15111604',1425000,0,0,1405887142.44,5,'2015-11-16 02:59:38','1'),('EKB1511160004',1,'100376','2015-11-16','Penjualan EGN15111605',1425000,0,0,1407312142.44,5,'2015-11-16 03:00:26','1'),('EKB1511160005',1,'151111180156','2015-11-11','Pembelian EPB1511110001',0,4587573,0,1402724569.44,9,'2015-11-16 03:02:02','1'),('EKB1511160006',1,'151111180156','2015-11-11','Pembelian EPB1511110002',0,4587573,0,1398136996.44,9,'2015-11-16 03:03:27','1'),('EKB1511160007',1,'151111180156','2015-11-11','Pembelian EPB1511110003',0,7141224,0,1390995772.44,9,'2015-11-16 03:04:48','1'),('EKB1511160008',1,'151112180371','2015-11-12','Pembelian EPB1511120001',0,7136224,0,1383859548.44,9,'2015-11-16 03:15:02','1'),('EKB1511160009',1,'151112180371','2015-11-12','Pembelian EPB1511120002',0,7136224,0,1376723324.44,9,'2015-11-16 03:16:34','1'),('EKB1511160010',1,'151112180371','2015-11-12','Pembelian EPB1511120003',0,4592573,0,1372130751.44,9,'2015-11-16 03:17:43','1'),('EKB1511160011',1,'100377','2015-11-16','Penjualan EGN15111606',2280000,0,0,1374410751.44,5,'2015-11-16 04:01:52','1'),('EKB1511160012',2,'100046','2015-11-16','Penjualan SGJ15111601',531200,0,0,1510843147.67,5,'2015-11-16 04:04:45','1'),('EKB1511160013',1,'0009013T5103000916110958321180','2015-11-16','Setoran Penjualan EGN15111401',712500,0,0,1375123251.44,5,'2015-11-16 04:18:31','1'),('EKB1511160014',1,'0009013T5103000916110958321180','2015-11-16','Setoran Penjualan EGN15111408',997500,0,0,1376120751.44,5,'2015-11-16 04:18:39','1'),('EKB1511160015',1,'0009013T5103000916110958321180','2015-11-16','Setoran Penjualan EGN15111409',1700000,0,0,1377820751.44,5,'2015-11-16 04:18:45','1'),('EKB1511160016',1,'0009013T5103000916110958321180','2015-11-16','Setoran Penjualan EGN15111410',750000,0,0,1378570751.44,5,'2015-11-16 04:18:50','1'),('EKB1511160017',1,'0009013T5103000916110959061180','2015-11-16','Setoran Penjualan SGJ15111401',133000,0,0,1378703751.44,5,'2015-11-16 07:14:08','1'),('EKB1511160018',1,'0009013T5103000916110959061180','2015-11-16','Setoran Penjualan SGJ15111407',402000,0,0,1379105751.44,5,'2015-11-16 07:14:18','1'),('EKB1511160019',1,'0009013T5103000916110959061180','2015-11-16','Setoran Penjualan SGJ15111410',540000,0,0,1379645751.44,5,'2015-11-16 07:14:22','1'),('EKB1511160020',1,'0009013T5103000916110959061180','2015-11-16','Setoran Penjualan SGJ15111411',402000,0,0,1380047751.44,5,'2015-11-16 07:14:27','1'),('EKB1511160021',1,'0009013T5103000916110959061180','2015-11-16','Setoran Penjualan SGJ15111414',402000,0,0,1380449751.44,5,'2015-11-16 07:14:32','1'),('EKB1511160022',1,'0009013T5103000916110959061180','2015-11-16','Setoran Penjualan SGJ15111416',270000,0,0,1380719751.44,5,'2015-11-16 07:14:37','1'),('EKB1511160023',2,'100046','2015-11-16','Penjualan SGJ15111602',136000,0,0,1510979147.67,5,'2015-11-16 07:17:51','1'),('EKB1511160024',2,'100047','2015-11-16','Penjualan SGJ15111603',1062400,0,0,1512041547.67,5,'2015-11-16 07:18:39','1'),('EKB1511160025',1,'100378','2015-11-16','Penjualan EGN15111607',1140000,0,0,1381859751.44,5,'2015-11-16 07:46:18','1'),('EKB1511160026',1,'100379','2015-11-16','Penjualan EGN15111608',1425000,0,0,1383284751.44,5,'2015-11-16 07:47:12','1'),('EKB1511160027',1,'100380','2015-11-16','Penjualan EGN15111609',1140000,0,0,1384424751.44,5,'2015-11-16 07:47:53','1'),('EKB1511160028',1,'100381','2015-11-16','Penjualan EGN15111610',1425000,0,0,1385849751.44,5,'2015-11-16 07:48:42','1'),('EKB1511160029',1,'Z699-CRM 047','2015-11-16','Penjualan EGN15111611',1140000,0,0,1386989751.44,5,'2015-11-16 08:01:30','1'),('EKB1511160030',1,'Z699-CRM 047','2015-11-16','Penjualan EGN15111612',1140000,0,0,1388129751.44,5,'2015-11-16 08:02:15','1'),('EKB1511160031',1,'Z699-CRM 047','2015-11-16','Penjualan EGN15111613',1425000,0,0,1389554751.44,5,'2015-11-16 08:02:49','1'),('EKB1511160032',1,'Z699-CRM 047','2015-11-16','Penjualan EGN15111614',1425000,0,0,1390979751.44,5,'2015-11-16 08:03:22','1'),('EKB1511160033',2,'CN886785','2015-11-14','Pencairan BG CN886785',540000,0,0,1512581547.67,5,'2015-11-16 08:18:13','1'),('EKB1511160034',2,'CP797707','2015-11-14','Pencairan BG CP797707',1080000,0,0,1513661547.67,5,'2015-11-16 08:18:23','1'),('EKB1511160035',1,'016151218143','2015-11-16','Penjualan EGN15111615',1425000,0,0,1392404751.44,5,'2015-11-16 08:19:07','1'),('EKB1511160036',2,'0009013T5103000916110958491180','2015-11-16','TAGIHAN MAS BARDAL',1474000,0,0,1515135547.67,5,'2015-11-16 08:34:07','1'),('EKB1511170001',1,'100382','2015-11-17','Penjualan EGN15111701',1425000,0,0,1393829751.44,5,'2015-11-17 01:17:28','1'),('EKB1511170002',1,'100383','2015-11-17','Penjualan EGN15111702',1425000,0,0,1395254751.44,5,'2015-11-17 01:18:23','1'),('EKB1511170003',1,'100384','2015-11-17','Penjualan EGN15111703',1425000,0,0,1396679751.44,5,'2015-11-17 06:15:18','1'),('EKB1511170004',1,'100385','2015-11-17','Penjualan EGN15111704',1425000,0,0,1398104751.44,5,'2015-11-17 06:16:03','1'),('EKB1511170005',1,'100386','2015-11-17','Penjualan EGN15111705',1425000,0,0,1399529751.44,5,'2015-11-17 06:16:47','1'),('EKB1511170006',1,'100387','2015-11-17','Penjualan EGN15111706',1425000,0,0,1400954751.44,5,'2015-11-17 06:17:36','1'),('EKB1511170007',1,'100388','2015-11-17','Penjualan EGN15111707',1425000,0,0,1402379751.44,5,'2015-11-17 06:18:49','1'),('EKB1511170008',1,'Z698-CRM 047','2015-11-17','Penjualan EGN15111708',1140000,0,0,1403519751.44,5,'2015-11-17 06:25:42','1'),('EKB1511170009',1,'Z698-CRM 047','2015-11-17','Penjualan EGN15111709',1140000,0,0,1404659751.44,5,'2015-11-17 06:26:34','1'),('EKB1511170010',1,'Z698-CRM 047','2015-11-17','Penjualan EGN15111710',1425000,0,0,1406084751.44,5,'2015-11-17 06:27:17','1'),('EKB1511170011',1,'Z698-CRM 047','2015-11-17','Penjualan EGN15111711',1425000,0,0,1407509751.44,5,'2015-11-17 06:28:22','1'),('EKB1511170012',1,'100389','2015-11-17','Penjualan EGN15111712',1140000,0,0,1408649751.44,5,'2015-11-17 06:29:03','1'),('EKB1511170013',2,'cp 797718','2015-11-17','Pencairan BG cp 797718',1080000,0,0,1516215547.67,5,'2015-11-17 06:45:47','1'),('EKB1511170014',1,'0009020T5103000917110918211180','2015-11-17','Setoran Penjualan EGN15111603',712500,0,0,1409362251.44,5,'2015-11-17 09:21:13','1'),('EKB1511170015',2,'0009020T5103000917110918431180','2015-11-17','Setoran Penjualan SGJ15111604',266000,0,0,1516481547.67,5,'2015-11-17 09:21:58','1'),('EKB1511170016',2,'0009020T5103000917110918431180','2015-11-17','Setoran Penjualan SGJ15111606',270000,0,0,1516751547.67,5,'2015-11-17 09:22:29','1'),('EKB1511170017',2,'0009020T5103000917110918431180','2015-11-17','Setoran Penjualan SGJ15111606',270000,0,0,1517021547.67,5,'2015-11-17 09:22:52','1'),('EKB1511170018',2,'0009020T5103000917110918431180','2015-11-17','Setoran Penjualan SGJ15111606',270000,0,0,1517291547.67,5,'2015-11-17 09:22:53','1'),('EKB1511170019',2,'0009020T5103000917110918431180','2015-11-17','Setoran Penjualan SGJ15111608',532000,0,0,1517823547.67,5,'2015-11-17 09:26:33','1'),('EKB1511170020',2,'0009020T5103000917110918431180','2015-11-17','Setoran Penjualan SGJ15111613',402000,0,0,1518225547.67,5,'2015-11-17 09:26:40','1'),('EKB1511170021',2,'0009020T5103000917110918431180','2015-11-17','Setoran Penjualan SGJ15111614',268000,0,0,1518493547.67,5,'2015-11-17 09:26:46','1'),('EKB1511170022',2,'0009020T5103000917110918431180','2015-11-17','Setoran Penjualan SGJ15111620',804000,0,0,1519297547.67,5,'2015-11-17 09:26:52','1'),('EKB1511170023',2,'0009020T5103000917110918431180','2015-11-17','Setoran Penjualan SGJ15111621',398400,0,0,1519695947.67,5,'2015-11-17 09:26:57','1'),('EKB1511170024',2,'0009020T5103000917110918431180','2015-11-17','Setoran Penjualan SGJ15111622',268000,0,0,1519963947.67,5,'2015-11-17 09:27:03','1'),('EKB1511170025',2,'0009020T5103000917110918431180','2015-11-17','Setoran Penjualan SGJ15111623',134000,0,0,1520097947.67,5,'2015-11-17 09:27:09','1'),('EKB1511170026',2,'0009020T5103000917110919061180','2015-11-17','TAGIHAN MAS BARDAL',2603000,0,0,1522700947.67,5,'2015-11-17 09:28:16','1'),('EKB1511170027',2,'100050','2015-11-17','Penjualan SGJ15111710',132800,0,0,1522833747.67,5,'2015-11-17 09:58:36','1');

/*Table structure for table `kas_kecil` */

DROP TABLE IF EXISTS `kas_kecil`;

CREATE TABLE `kas_kecil` (
  `id` varchar(13) NOT NULL,
  `id_kasir` int(11) DEFAULT NULL,
  `no_bukti` varchar(10) DEFAULT NULL,
  `tgl` date DEFAULT NULL,
  `keterangan` text,
  `kode_akun` varchar(10) DEFAULT NULL,
  `debet` double DEFAULT NULL,
  `kredit` double DEFAULT NULL,
  `saldo` double DEFAULT NULL,
  `id_karyawan` int(11) DEFAULT NULL,
  PRIMARY KEY (`id`),
  KEY `FK_kas_kecil_id_kas` (`id_kasir`),
  KEY `FK_kas_kecil_kode_akun` (`kode_akun`),
  KEY `FK_kas_kecil_id_karyawan` (`id_karyawan`)
) ENGINE=InnoDB DEFAULT CHARSET=latin1;

/*Data for the table `kas_kecil` */

insert  into `kas_kecil`(`id`,`id_kasir`,`no_bukti`,`tgl`,`keterangan`,`kode_akun`,`debet`,`kredit`,`saldo`,`id_karyawan`) values ('EKK1511110001',1,'-','2015-11-11','Saldo Awal','SA',2169103,0,2169103,1),('EKK1511110002',2,'-','2015-11-11','Saldo Awal','SA',1813488,0,1813488,1),('EKK1511110003',1,'47','2015-11-11','ongkos angkut 3kg','60001',0,5000,2164103,9),('EKK1511110004',1,'48','2015-11-11','ongkos angkut 3kg','60001',0,5000,2159103,9),('EKK1511110005',1,'49','2015-11-11','solar H 1496 YH 74,62 liter','80009',0,500000,1659103,9),('EKK1511110006',1,'50','2015-11-11','KIR H 1479 ZH','80044',0,250000,1409103,9),('EKK1511110007',2,'87','2015-11-11','ongkos angkut 50 kg','60001',0,5000,1808488,9),('EKK1511110008',2,'88','2015-11-11','tol 2x','80017',0,7000,1801488,9),('EKK1511110009',2,'89','2015-11-11','materai 20 x 6000','80013',0,120000,1681488,9),('EKK1511110010',2,'90','2015-11-11','parkir','80017',0,1000,1680488,9),('EKK1511110011',2,'2430','2015-11-11','bensin operasional 11/11/15','80009',0,15000,1665488,9),('EKK1511110012',2,'92','2015-11-11','parkir','80017',0,2000,1663488,9),('EKK1511110013',2,'93','2015-11-11','tambah angin H 1683 VP','80027',0,5000,1658488,9),('EKK1511120001',1,'51','2015-11-12','Ongkos angkut 3kg','60001',0,5000,1404103,1),('EKK1511120002',1,'52','2015-11-12','ongkos angkut 3kg','60001',0,5000,1399103,9),('EKK1511120003',1,'53','2015-11-12','ongkos angkut 3kg','60001',0,5000,1394103,9),('EKK1511120004',1,'54','2015-11-12','ongkos angkut 3kg','60001',0,5000,1389103,9),('EKK1511120005',1,'55','2015-11-12','pulsa Paket BB kantor 0889 8800 8828','80002',0,54000,1335103,9),('EKK1511120006',1,'56','2015-11-12','isi ulang air minum galon','80004',0,20000,1315103,9),('EKK1511120007',1,'57','2015-11-12','form tebus EN BNI','92007',0,25000,1290103,9),('EKK1511120008',1,'58','2015-11-12','ram + Pines','80025',0,40000,1250103,9),('EKK1511120009',1,'59','2015-11-12','perbaikan pompa air + pembuatan rumah pompa','80025',0,28600,1221503,9),('EKK1511120010',2,'020251430','2015-11-12','solar H 1680 VP 29,9 Ltr','80025',0,200000,1458488,9),('EKK1511120011',2,'95','2015-11-12','ongkos angkut 12kg','60001',0,5000,1453488,9),('EKK1511120012',2,'96','2015-11-12','retribusi + ongkos penyebrangan 3x','92006',0,3500,1449988,9),('EKK1511120013',2,'97','2015-11-12','tambal ban H 1683 VP','80027',0,10000,1439988,9),('EKK1511120014',2,'97','2015-11-12','retribusi 2x','92006',0,6500,1433488,9),('EKK1511120015',2,'99','2015-11-12','solar H 1683 VP 29,9 liter','92006',0,200000,1233488,9),('EKK1511120016',2,'27911','2015-11-12','parkir','80017',0,2000,1231488,9),('EKK1511120017',2,'182','2015-11-12','bensin operasional 12/11/15','80017',0,15000,1216488,9),('EKK1511120018',2,'3817','2015-11-12','Solar H 1738 NR 14,9 liter','80009',0,100000,1116488,9),('EKK1511120019',2,'103','2015-11-12','form tebus SGJ BNI','92007',0,25000,1091488,9),('EKK1511120020',2,'41721','2015-11-12','bensin operasional 10/11/15','80009',0,10000,1081488,9),('EKK1511120021',2,'46169','2015-11-12','bensin operasional 11/11/15','80009',0,10000,1071488,9),('EKK1511120022',2,'72508','2015-11-12','parkir','80017',0,2000,1069488,9),('EKK1511130001',1,'60','2015-11-13','ongkos angkut 3kg','60001',0,5000,1216503,9),('EKK1511130002',1,'61','2015-11-13','ongkos angkut 3kg','60001',0,5000,1211503,9),('EKK1511130003',1,'62','2015-11-13','ongkos angkut 3kg','60001',0,5000,1206503,9),('EKK1511130004',1,'63','2015-11-13','buku undang undang tenaga kerja dari disnaker','80015',0,200000,1006503,9),('EKK1511130005',2,'107','2015-11-13','ongkos angkut 50kg','60001',0,5000,1064488,9),('EKK1511130006',2,'107','2015-11-13','tol 2x','60001',0,7000,1057488,9),('EKK1511130007',2,'109','2015-11-13','solar H 1738 NR 14,9litr','80009',0,100000,957488,9),('EKK1511130008',2,'110','2015-11-13','bensin operasional 13/11/15','80009',0,15000,942488,9),('EKK1511130009',2,'542816','2015-11-13','parkir','80017',0,2000,940488,9),('EKK1511140001',1,'-','2015-11-14','Kas EN','11101',3900000,0,4906503,9),('EKK1511140002',2,'-','2015-11-14','Kas SGJ','11101',7200000,0,8140488,9),('EKK1511140003',1,'64','2015-11-14','ongkos angkut 3kg','60001',0,5000,4901503,9),('EKK1511140004',1,'65','2015-11-14','ongkos angkut 3kg','60001',0,50,4901453,9),('EKK1511140005',1,'65','2015-11-14','ongkos angkut 3kg','60001',0,4500,4896953,9),('EKK1511140006',2,'02.01.6460','2015-11-14','solar H 1680 VP 29,9 liter','60001',0,200000,7940488,9),('EKK1511140007',2,'72513','2015-11-14','parkir','80017',0,2000,7938488,9),('EKK1511140008',2,'020251744','2015-11-14','solar H 1757 WH 14,9 liter','80009',0,100000,7838488,9),('EKK1511140009',2,'55','2015-11-14','retribusi','92006',0,4000,7834488,9),('EKK1511140010',2,'78952','2015-11-14','parkir','80017',0,2000,7832488,9),('EKK1511140011',2,'50393','2015-11-14','bensin operasional 12/11/15','80009',0,15000,7817488,9),('EKK1511140012',2,'1288','2015-11-14','bensin operasional 14/11/15','80009',0,15000,7802488,9),('EKK1511140013',2,'119','2015-11-14','Parkir BCA 5x','80017',0,5000,7797488,9),('EKK1511140014',1,'65','2015-11-14','ongkos angkut 3kg','60001',0,450,4896503,9),('EKK1511140015',1,'66','2015-11-14','UM 9-14/11/15 5 X 40000 Husen','70003',0,200000,4696503,9),('EKK1511140016',1,'67','2015-11-14','UM 9-14/11/15 6 x 50000 + 15000 Safari','70003',0,315000,4381503,9),('EKK1511140017',1,'68','2015-11-14','UM 9-14/11/15 6x45000 + 25000 samidi','70003',0,295000,4086503,9),('EKK1511140018',1,'69','2015-11-14','komisi penjualan bl Oktober 15','70010',0,17175,4069328,9),('EKK1511140019',1,'70','2015-11-14','komisi penjualan bl Oktober 15 pri','70010',0,24325,4045003,9),('EKK1511140020',1,'71','2015-11-14','UM 9-14/11/15 6 x 45000 Harjito','70010',0,270000,3775003,9),('EKK1511140021',2,'120','2015-11-14','oli mesin 1 liter H 1683 VP','80027',0,26000,7771488,9),('EKK1511140022',2,'121','2015-11-14','tol kirim virgin ungaran','80017',0,29500,7741988,9),('EKK1511140023',2,'122','2015-11-14','UM 9-14/11/15 6x48000 + 25000 Subari','70003',0,313000,7428988,9),('EKK1511140024',2,'12','2015-11-14','UM 9-14/11/15 6 x 48000 + 15000 Hendro','70003',0,303000,7125988,9),('EKK1511140025',2,'124','2015-11-14','UM 9-14/11/15 6 x 48000 + 15000 Pri','70003',0,303000,6822988,9),('EKK1511140026',2,'125','2015-11-14','UM 9-14/11/15 6 x 48000 + 25000 Hadi','70003',0,313000,6509988,9),('EKK1511140027',2,'126','2015-11-14','UM 9-14/11/15 6 x 48000 + 15000 Manaf','70003',0,303000,6206988,9),('EKK1511140028',2,'127','2015-11-14','UM 9-14/11/15 6 x 48000 + 15000 Muhammad','70003',0,303000,5903988,9),('EKK1511140029',2,'128','2015-11-14','komisi bl oktober subari','70010',0,152400,5751588,9),('EKK1511140030',2,'129','2015-11-14','komisi bl oktober 15 manaf','70010',0,106900,5644688,9),('EKK1511140031',2,'130','2015-11-14','komisi bl oktober 15 hendro','70010',0,95100,5549588,9),('EKK1511140032',2,'131','2015-11-14','komisi bl oktober 15 hadi','70010',0,112600,5436988,9),('EKK1511140033',2,'132','2015-11-14','komisi bl oktober 15 pri','70010',0,72300,5364688,9),('EKK1511140034',2,'133','2015-11-14','komisi bl oktober 15','70010',0,800,5363888,9),('EKK1511160001',1,'72','2015-11-16','ongkos angkut 3kg','60001',0,5000,3770003,9),('EKK1511160002',1,'73','2015-11-16','ongkos angkut 3kg','60001',0,5000,3765003,9),('EKK1511160003',1,'74','2015-11-16','ongkos angkut 3kg','60001',0,5000,3760003,9),('EKK1511160004',1,'75','2015-11-16','komisi penjualan bl oktober 2015 saryoto','70010',0,4550,3755453,9),('EKK1511160005',1,'2011','2015-11-16','pulsa listrik bl november 2015','80003',0,202000,3553453,9),('EKK1511160006',1,'0050','2015-11-16','solar H 1479 ZH','80009',0,377411,3176042,9),('EKK1511160007',1,'76','2015-11-16','komisi penjualan bl oktober 15 ali','70010',0,4550,3171492,9),('EKK1511160008',2,'134','2015-11-16','ongkos angkut 50kg','60001',0,5000,5358888,9),('EKK1511160009',2,'135','2015-11-16','tol 2x','80017',0,7000,5351888,9),('EKK1511160010',2,'136','2015-11-16','um 9-14 nov 15 6x48000+25000 saryoto','70003',0,313000,5038888,9),('EKK1511160011',2,'137','2015-11-16','um 9-14 nov 2015 4x48000 ali','70003',0,192000,4846888,9),('EKK1511160012',2,'138','2015-11-16','komisi penjualan bl oktober 2015 ali','70010',0,52600,4794288,9),('EKK1511160013',2,'139','2015-11-16','komisi penjualan bl oktober 2015 saryoto','70010',0,67950,4726338,9),('EKK1511160014',2,'040219417','2015-11-16','solar H 1443 PH','80009',0,469000,4257338,9),('EKK1511160015',2,'140','2015-11-16','uang makan 9-14 nov 15 5x45000','80009',0,225000,4032338,9),('EKK1511160016',2,'141','2015-11-16','parkir & retribusi','80017',0,7000,4025338,9),('EKK1511160017',2,'142','2015-11-16','parkir','80017',0,2000,4023338,9),('EKK1511160018',2,'143','2015-11-16','komisi penjualan bl oktober 15 casmari','70010',0,137850,3885488,9),('EKK1511170001',2,'144','2015-11-17','parkir 1x','80017',0,1000,3884488,9),('EKK1511170002',2,'000204745','2015-11-17','bensin operasional 16/11/15','80009',0,15000,3869488,9),('EKK1511170003',1,'77','2015-11-17','ongkos angkut 3kg','60001',0,5000,3166492,9),('EKK1511170004',1,'78','2015-11-17','ongkos angkut 3kg','60001',0,5000,3161492,9),('EKK1511170005',1,'79','2015-11-17','ongkos angkut 3kg','60001',0,5000,3156492,9),('EKK1511170006',2,'145','2015-11-17','gps bl oktober 2015','80002',0,300000,3569488,9),('EKK1511170007',2,'146','2015-11-17','parkir 1x','80017',0,2000,3567488,9),('EKK1511170008',2,'147','2015-11-17','parkir 1x','80017',0,1500,3565988,9),('EKK1511170009',2,'2891','2015-11-17','solar H 1683 VP 29.85lt','80009',0,200000,3365988,9),('EKK1511170010',2,'452325','2015-11-17','solar H 1757 WH 14.9lt','80009',0,100000,3265988,9),('EKK1511170011',2,'020430682','2015-11-17','solar H 1680 VP 29.9lt','80009',0,200000,3065988,9),('EKK1511170012',2,'148','2015-11-17','retribusi & ongkos penyebrangan','92006',0,3500,3062488,9),('EKK1511170013',2,'149','2015-11-17','ongkos angkut 12kg','60001',0,5000,3057488,9),('EKK1511170014',2,'1784','2015-11-17','bensin untuk tagihan','80009',0,15000,3042488,9),('EKK1511170015',1,'80','2015-11-17','pemasangan plastik wrap bl okt 2015','92006',0,1043000,2113492,9);

/*Table structure for table `kasir` */

DROP TABLE IF EXISTS `kasir`;

CREATE TABLE `kasir` (
  `id` int(11) NOT NULL AUTO_INCREMENT,
  `nama` varchar(50) DEFAULT NULL,
  `saldo` double DEFAULT NULL,
  `hapus` varchar(1) DEFAULT NULL,
  PRIMARY KEY (`id`)
) ENGINE=InnoDB AUTO_INCREMENT=3 DEFAULT CHARSET=latin1;

/*Data for the table `kasir` */

insert  into `kasir`(`id`,`nama`,`saldo`,`hapus`) values (1,'Kas Kecil Energas Nusantara',2113492,'0'),(2,'Kas Kecil Sumber Gasindo Jaya',3042488,'0');

/*Table structure for table `kendaraan` */

DROP TABLE IF EXISTS `kendaraan`;

CREATE TABLE `kendaraan` (
  `id` int(11) NOT NULL AUTO_INCREMENT,
  `nopol` varchar(11) DEFAULT NULL,
  `keterangan` varchar(50) DEFAULT NULL,
  `hapus` varchar(1) DEFAULT NULL,
  PRIMARY KEY (`id`)
) ENGINE=InnoDB AUTO_INCREMENT=3 DEFAULT CHARSET=latin1;

/*Data for the table `kendaraan` */

insert  into `kendaraan`(`id`,`nopol`,`keterangan`,`hapus`) values (1,'H 1479 ZH','Engkel','0'),(2,'H 1496 YH','Double','0');

/*Table structure for table `konsumen` */

DROP TABLE IF EXISTS `konsumen`;

CREATE TABLE `konsumen` (
  `id` int(11) NOT NULL AUTO_INCREMENT,
  `nama` varchar(50) DEFAULT NULL,
  `alamat` varchar(150) DEFAULT NULL,
  `telepon` varchar(20) DEFAULT NULL,
  `harga_3kg` double DEFAULT '0',
  `harga_12kg` double DEFAULT '0',
  `harga_12kg_bg` double DEFAULT '0',
  `harga_50kg` double DEFAULT '0',
  `hapus` varchar(1) DEFAULT NULL,
  PRIMARY KEY (`id`)
) ENGINE=InnoDB AUTO_INCREMENT=97 DEFAULT CHARSET=latin1;

/*Data for the table `konsumen` */

insert  into `konsumen`(`id`,`nama`,`alamat`,`telepon`,`harga_3kg`,`harga_12kg`,`harga_12kg_bg`,`harga_50kg`,`hapus`) values (1,'Dwi Ismini','Gusti Putri III / 17, Tlogosari Kulon','02470070559',14250,120000,170000,270000,'0'),(2,'Supiyatun','Cinde Utara II / 12, Jomblang','085641699983',14250,0,0,0,'0'),(3,'Diah','Jl Permata Raya 1, Ngesrep','085228112295',14250,120000,170000,270000,'0'),(4,'David Kusuma','Jl. Menjangan II/59 C, Palebon','085101708289',14250,0,0,0,'0'),(5,'Hery Wijaya','Jl. Zebra Raya 6, Pedurungan Kidul','085641027520',14250,132800,0,0,'0'),(6,'Juki Sahara','Jl Banteng Utara I/20 Pandeanlamper','08562655393',14250,0,0,0,'0'),(7,'Daniel Chrustian','Jl. Tambak Mas XVII/420, Panggung Lor','081325615487',14250,0,0,0,'1'),(8,'Boedi Setiawan','Jl. Sekar Jagad IV/2, Tlogosari Kulon','085105000279',14250,0,0,0,'0'),(9,'Andi','0','0',14250,0,0,0,'1'),(10,'Djoelianto','Jl. Ayodyapala 61, Krobokan','0811276887',14250,0,0,0,'0'),(11,'Intan Permai','Jl. Sambiroto Raya A1, Sambiroto','0821234856762',14250,132800,136000,0,'0'),(12,'Saparin','Jl Sambiroto III Rt 04 / Rw 01 Sambiroto','081228462220',14250,132800,0,0,'0'),(13,'Parjo Hadi','Jl Sambiroto Rt 06/Rw 01, Sambiroto','081326297575',14250,0,0,0,'0'),(14,'Evie Theresia','Jl M.T. Haryono 553, Karangkidul','08164884500',14250,0,0,0,'0'),(15,'Haryanto','Jl Delta Mas II / 156, Kuningan','082138679008',14250,0,0,0,'1'),(16,'Andi Sri Atfiantias','Jl. Bukit Flamboyan I/58D, Sendangmulyo','02470903324',14250,0,0,0,'0'),(17,'Tik','Gunung Pati','081',17000,0,0,0,'0'),(18,'Jati','Semarang','081',15000,0,0,0,'0'),(19,'Jono','Mataram','081',14250,0,0,0,'0'),(20,'Andi','Pudak Payung','081',14750,0,0,0,'0'),(21,'Erlien','Gang Pinggir','081',14750,0,0,0,'0'),(22,'tesa','tesa','tesa',14250,100000,150000,200000,'1'),(23,'tesi','tesi','tesi',0,0,0,0,'1'),(24,'Catering Bagong','-','-',0,133000,0,0,'0'),(25,'Holiday','Jl Pemuda','-',0,127000,0,0,'0'),(26,'Istana Mie Depok','Jl Depok','-',0,134000,0,0,'0'),(27,'RS Bunda','-','-',0,0,0,560000,'0'),(28,'Royal Gajah','-','-',0,133000,0,0,'0'),(29,'Star Steak','-','-',0,137000,140000,0,'0'),(30,'Indah Sari Mataram','-','-',0,135000,0,0,'0'),(31,'Sendok Bebek','-','-',0,138000,0,0,'0'),(32,'Lombok Ijo Ungaran','Ungaran','-',0,137000,0,0,'0'),(33,'Mr. K','-','-',0,137000,0,0,'0'),(34,'Hendro','-','-',0,134000,0,0,'0'),(35,'Suroyudin','-','-',0,134000,0,0,'0'),(36,'Pak Wid','-','-',0,134000,0,0,'0'),(37,'Pak Edi','-','-',0,135000,0,0,'0'),(38,'Junaedi','Mangunharjo','-',0,134000,0,0,'0'),(39,'Anang','Dinar Mas','-',0,134000,0,0,'0'),(40,'The Tavern','-','-',0,134000,0,0,'0'),(41,'Topo','Bukit Cendana','-',0,0,140000,0,'0'),(42,'Baudi','-','-',0,0,136000,0,'0'),(43,'Sudarmo','-','-',0,0,136000,0,'0'),(44,'Chantique','-','-',0,0,0,580000,'0'),(45,'Lombok Ijo Kawasan','-','-',0,135000,0,0,'0'),(46,'Ria Sarana','-','-',0,135000,0,600000,'0'),(47,'Arumdalu','-','-',0,137000,0,0,'0'),(48,'Joko Mulya','-','-',0,134000,0,0,'0'),(49,'Rohadi','-','-',0,134000,0,0,'0'),(50,'Amin','-','-',0,134000,0,0,'0'),(51,'Warga','-','-',0,135000,0,0,'0'),(52,'Lombok Ijo Gajahmada','-','-',0,134000,0,0,'0'),(53,'Hotel Plaza','-','-',0,139000,0,0,'0'),(54,'Ngrembel Asri','-','-',0,134000,0,0,'0'),(55,'Hidayat','-','-',0,134000,0,0,'0'),(56,'Made','-','-',0,134000,0,0,'0'),(57,'Ika','-','-',0,134000,0,0,'0'),(58,'Manunggal','-','-',0,134000,0,0,'0'),(59,'Oasis','-','-',0,137000,140000,0,'0'),(60,'Pak Gun','-','-',0,134000,0,0,'0'),(61,'Langgeng','-','-',0,134000,0,0,'0'),(62,'Nestco','-','-',0,137000,0,0,'0'),(63,'Sambel Bledeek','-','-',0,134000,0,0,'0'),(64,'Sate House','-','-',0,137000,0,0,'0'),(65,'Michi Ramen','-','-',0,0,0,540000,'0'),(66,'Ratna','-','-',0,135000,0,0,'0'),(67,'Agrowisata Anugrah','-','-',0,137000,0,0,'0'),(68,'Netto','-','-',0,0,0,540000,'0'),(69,'Nilam','-','-',0,133000,0,0,'0'),(70,'Janata Marina Indah','-','-',0,0,0,545000,'0'),(71,'Yasa','-','-',0,0,0,545000,'0'),(72,'Goodfellas','-','-',0,0,0,540000,'0'),(73,'Sapto','-','-',0,134000,0,0,'0'),(74,'Lombok Idjo Setia Budi','-','-',0,134000,0,0,'0'),(75,'Rustico','-','-',0,0,0,540000,'0'),(76,'Virgin Ungaran','-','-',0,138000,0,540000,'0'),(77,'KAMDUN','-','-',0,134000,0,0,'0'),(78,'Bebek tengil','kantin sango','-',0,137000,0,0,'0'),(79,'sixteen8','-','-',0,0,0,530000,'0'),(80,'Bp. Jimmy','Plamongan Raya','-',0,132800,0,0,'0'),(81,'Plamongan Raya','-','-',0,134000,0,0,'0'),(82,'Virgin Tlogosari','-','-',0,0,0,540000,'0'),(83,'Bp. Ridho','-','-',0,134000,0,0,'0'),(84,'52 Super Food (Makado)','-','-',0,137000,0,0,'0'),(85,'Bella Lounge','-','-',0,139000,0,0,'0'),(86,'MR. K','Jl. Mangga','-',0,137000,0,0,'0'),(87,'waris','-','-',0,134000,0,0,'0'),(88,'Bu. Pur','-','-',0,134000,0,0,'0'),(89,'Graha Padma','-','-',0,134000,0,0,'0'),(90,'Bp. Yosep','-','-',0,134000,0,0,'0'),(91,'Bu Dion','-','-',0,134000,0,0,'0'),(92,'Oasis Resto','-','-',0,0,0,0,'1'),(93,'Relique','Puri Anjasmoro','-',0,0,140000,530000,'0'),(94,'Bandeng Superior','-','-',0,137000,0,0,'0'),(95,'Rozak','Kantin Ria Sarana','-',0,135000,0,0,'0'),(96,'3 Durian','-','-',0,137000,0,0,'0');

/*Table structure for table `kuota_penjualan` */

DROP TABLE IF EXISTS `kuota_penjualan`;

CREATE TABLE `kuota_penjualan` (
  `id_konsumen` int(11) DEFAULT NULL,
  `tgl` date DEFAULT NULL,
  `jml_alokasi` double DEFAULT NULL,
  `jml_terambil` double DEFAULT NULL
) ENGINE=InnoDB DEFAULT CHARSET=latin1;

/*Data for the table `kuota_penjualan` */

insert  into `kuota_penjualan`(`id_konsumen`,`tgl`,`jml_alokasi`,`jml_terambil`) values (1,'2015-11-11',100,0),(1,'2015-11-12',100,0),(1,'2015-11-13',100,0),(1,'2015-11-14',100,0),(1,'2015-11-16',100,0),(2,'2015-11-11',100,0),(2,'2015-11-12',100,0),(2,'2015-11-13',100,0),(2,'2015-11-14',100,0),(2,'2015-11-16',100,0),(3,'2015-11-11',80,0),(3,'2015-11-12',80,0),(3,'2015-11-13',80,0),(3,'2015-11-14',80,0),(3,'2015-11-16',80,0),(4,'2015-11-11',100,0),(4,'2015-11-12',100,0),(4,'2015-11-13',100,0),(4,'2015-11-14',100,0),(4,'2015-11-16',100,0),(5,'2015-11-11',80,0),(5,'2015-11-12',80,0),(5,'2015-11-13',80,0),(5,'2015-11-14',80,0),(5,'2015-11-16',80,0),(6,'2015-11-11',100,0),(6,'2015-11-12',100,0),(6,'2015-11-13',100,0),(6,'2015-11-14',100,0),(6,'2015-11-16',100,0),(8,'2015-11-11',100,0),(8,'2015-11-12',100,0),(8,'2015-11-13',100,0),(8,'2015-11-16',100,0),(10,'2015-11-11',80,0),(10,'2015-11-12',180,0),(10,'2015-11-13',80,0),(10,'2015-11-14',80,0),(10,'2015-11-16',180,0),(11,'2015-11-11',160,0),(11,'2015-11-13',160,0),(11,'2015-11-16',160,0),(12,'2015-11-11',100,0),(12,'2015-11-12',100,0),(12,'2015-11-13',100,0),(12,'2015-11-14',100,0),(12,'2015-11-16',100,0),(13,'2015-11-11',100,0),(13,'2015-11-12',100,0),(13,'2015-11-13',100,0),(13,'2015-11-14',100,0),(13,'2015-11-16',100,0),(14,'2015-11-11',100,0),(14,'2015-11-12',80,0),(14,'2015-11-13',100,0),(14,'2015-11-14',50,0),(14,'2015-11-16',80,0),(16,'2015-11-11',100,0),(16,'2015-11-12',100,0),(16,'2015-11-13',100,0),(16,'2015-11-14',100,0),(16,'2015-11-16',100,0),(17,'2015-11-11',100,0),(17,'2015-11-14',100,0),(18,'2015-11-11',50,0),(18,'2015-11-14',50,0),(19,'2015-11-11',50,0),(19,'2015-11-14',75,0),(19,'2015-11-16',50,0),(1,'2015-11-17',100,0),(2,'2015-11-17',100,0),(3,'2015-11-17',80,0),(4,'2015-11-17',100,0),(5,'2015-11-17',80,0),(6,'2015-11-17',100,0),(8,'2015-11-17',100,0),(10,'2015-11-17',80,0),(12,'2015-11-17',100,0),(13,'2015-11-17',100,0),(14,'2015-11-17',100,0),(16,'2015-11-17',100,0),(1,'2015-11-18',100,0),(2,'2015-11-18',100,0),(3,'2015-11-18',80,0),(4,'2015-11-18',100,0),(5,'2015-11-18',80,0),(6,'2015-11-18',100,0),(8,'2015-11-18',100,0),(10,'2015-11-18',80,0),(11,'2015-11-18',160,0),(12,'2015-11-18',100,0),(13,'2015-11-18',100,0),(14,'2015-11-18',80,0),(16,'2015-11-18',100,0),(17,'2015-11-18',100,0),(18,'2015-11-18',50,0),(19,'2015-11-18',50,0);

/*Table structure for table `level` */

DROP TABLE IF EXISTS `level`;

CREATE TABLE `level` (
  `id` int(11) NOT NULL AUTO_INCREMENT,
  `jabatan` varchar(50) DEFAULT NULL,
  `hapus` varchar(1) DEFAULT NULL,
  PRIMARY KEY (`id`)
) ENGINE=InnoDB AUTO_INCREMENT=7 DEFAULT CHARSET=latin1;

/*Data for the table `level` */

insert  into `level`(`id`,`jabatan`,`hapus`) values (1,'Super','0'),(2,'Direktur','0'),(3,'Driver','0'),(4,'Admin','0'),(5,'Marketing','0'),(6,'Gudang','0');

/*Table structure for table `loading_pembelian` */

DROP TABLE IF EXISTS `loading_pembelian`;

CREATE TABLE `loading_pembelian` (
  `id_pembelian` varchar(14) DEFAULT NULL,
  `id_kendaraan` int(11) DEFAULT NULL,
  `id_driver` int(11) DEFAULT NULL,
  `tgl_loading` date DEFAULT '0000-00-00',
  `jam_berangkat` time DEFAULT '00:00:00',
  `tabung_kosong` int(11) DEFAULT '0',
  `id_karyawan_berangkat` int(11) DEFAULT NULL,
  `acc_gudang_berangkat` varchar(1) DEFAULT '0',
  `ket_gudang_berangkat` text,
  `id_gudang_berangkat` int(11) DEFAULT NULL,
  `jam_kembali` time DEFAULT '00:00:00',
  `tabung_isi` int(11) DEFAULT '0',
  `id_karyawan_kembali` int(11) DEFAULT NULL,
  `acc_gudang_kembali` varchar(1) DEFAULT '0',
  `ket_gudang_kembali` text,
  `id_gudang_kembali` int(11) DEFAULT NULL
) ENGINE=InnoDB DEFAULT CHARSET=latin1;

/*Data for the table `loading_pembelian` */

insert  into `loading_pembelian`(`id_pembelian`,`id_kendaraan`,`id_driver`,`tgl_loading`,`jam_berangkat`,`tabung_kosong`,`id_karyawan_berangkat`,`acc_gudang_berangkat`,`ket_gudang_berangkat`,`id_gudang_berangkat`,`jam_kembali`,`tabung_isi`,`id_karyawan_kembali`,`acc_gudang_kembali`,`ket_gudang_kembali`,`id_gudang_kembali`) values ('EPB1511110001',1,4,'2015-11-12','07:00:00',360,9,'1','',8,'10:00:00',360,9,'1','',8),('EPB1511110002',1,4,'2015-11-12','11:00:00',360,9,'1','',8,'14:00:00',360,9,'1','',8),('EPB1511110003',2,3,'2015-11-12','11:00:00',560,9,'0',NULL,NULL,'12:00:00',560,9,'0',NULL,NULL),('EPB1511120001',2,3,'2015-11-13','07:00:00',560,9,'0',NULL,NULL,'10:17:00',560,9,'0',NULL,NULL),('EPB1511120002',2,3,'2015-11-13','12:00:00',560,9,'0',NULL,NULL,'14:00:00',560,9,'0',NULL,NULL),('EPB1511120003',1,4,'2015-11-13','07:15:30',360,9,'0',NULL,NULL,'10:15:30',360,9,'0',NULL,NULL);

/*Table structure for table `log_login` */

DROP TABLE IF EXISTS `log_login`;

CREATE TABLE `log_login` (
  `tgl` timestamp NOT NULL DEFAULT CURRENT_TIMESTAMP,
  `id_user` int(11) DEFAULT NULL
) ENGINE=InnoDB DEFAULT CHARSET=latin1;

/*Data for the table `log_login` */

insert  into `log_login`(`tgl`,`id_user`) values ('2015-11-11 01:23:15',1),('2015-11-11 01:28:57',1),('2015-11-11 02:25:38',1),('2015-11-11 02:26:57',6),('2015-11-11 03:50:02',1),('2015-11-11 03:51:01',1),('2015-11-11 04:57:34',2),('2015-11-11 06:04:59',1),('2015-11-11 06:58:29',3),('2015-11-11 07:26:59',1),('2015-11-11 08:28:49',3),('2015-11-11 09:12:17',6),('2015-11-11 09:53:24',5),('2015-11-12 01:10:20',3),('2015-11-12 02:14:34',6),('2015-11-12 02:55:23',3),('2015-11-12 03:49:30',1),('2015-11-12 04:12:37',1),('2015-11-12 04:13:52',1),('2015-11-12 04:14:33',3),('2015-11-12 04:55:23',1),('2015-11-12 04:56:08',1),('2015-11-12 06:02:02',6),('2015-11-12 06:15:15',3),('2015-11-12 08:29:49',3),('2015-11-12 09:14:42',5),('2015-11-12 09:25:07',1),('2015-11-12 09:47:45',6),('2015-11-12 09:56:12',6),('2015-11-13 01:15:11',3),('2015-11-13 07:01:23',3),('2015-11-13 07:41:32',1),('2015-11-13 08:23:39',5),('2015-11-13 09:09:22',6),('2015-11-14 01:12:24',3),('2015-11-14 02:41:32',3),('2015-11-14 06:21:02',3),('2015-11-14 06:30:52',2),('2015-11-14 07:11:13',6),('2015-11-14 07:29:52',3),('2015-11-14 08:23:26',3),('2015-11-14 09:13:58',5),('2015-11-14 09:19:10',4),('2015-11-14 09:33:30',3),('2015-11-14 09:35:57',6),('2015-11-14 09:38:14',1),('2015-11-14 09:43:26',5),('2015-11-15 08:25:19',1),('2015-11-16 00:29:20',2),('2015-11-16 01:05:10',2),('2015-11-16 01:24:06',1),('2015-11-16 01:30:17',1),('2015-11-16 01:34:01',3),('2015-11-16 02:32:44',6),('2015-11-16 03:58:49',3),('2015-11-16 06:06:49',4),('2015-11-16 07:13:08',3),('2015-11-16 07:46:29',6),('2015-11-16 08:07:49',4),('2015-11-16 08:21:40',3),('2015-11-16 08:52:43',6),('2015-11-16 09:09:48',5),('2015-11-16 09:14:00',3),('2015-11-16 09:16:36',4),('2015-11-17 01:03:19',1),('2015-11-17 01:08:38',6),('2015-11-17 01:09:01',3),('2015-11-17 02:02:30',6),('2015-11-17 03:32:33',6),('2015-11-17 05:20:57',1),('2015-11-17 05:43:54',3),('2015-11-17 06:14:11',3),('2015-11-17 06:50:20',6),('2015-11-17 06:53:00',1),('2015-11-17 07:06:44',2),('2015-11-17 07:19:42',1),('2015-11-17 07:27:10',1),('2015-11-17 07:30:49',1),('2015-11-17 07:45:49',6),('2015-11-17 07:49:50',3),('2015-11-17 07:50:30',3),('2015-11-17 07:53:01',2),('2015-11-17 08:54:01',4),('2015-11-17 09:19:24',3),('2015-11-17 09:21:49',6),('2015-11-17 09:38:40',4),('2015-11-17 09:38:56',5);

/*Table structure for table `pelunasan` */

DROP TABLE IF EXISTS `pelunasan`;

CREATE TABLE `pelunasan` (
  `id` varchar(14) NOT NULL,
  `id_penjualan` varchar(14) DEFAULT NULL,
  `tgl` date DEFAULT NULL,
  `total_bayar` double DEFAULT NULL,
  `jenis` varchar(1) DEFAULT NULL,
  `tgl_bg` date DEFAULT NULL,
  `ambil_bg` varchar(1) DEFAULT NULL,
  `id_bank` int(11) DEFAULT NULL,
  `no_bukti` varchar(15) DEFAULT NULL,
  `id_karyawan` int(11) DEFAULT NULL,
  PRIMARY KEY (`id`)
) ENGINE=InnoDB DEFAULT CHARSET=latin1;

/*Data for the table `pelunasan` */

insert  into `pelunasan`(`id`,`id_penjualan`,`tgl`,`total_bayar`,`jenis`,`tgl_bg`,`ambil_bg`,`id_bank`,`no_bukti`,`id_karyawan`) values ('EPP1511130001','SGJ15111312','2015-11-13',1080000,'4','2015-11-14','1',2,'CP797707',5),('EPP1511130002','SGJ15111313','2015-11-13',540000,'4','2015-11-14','1',2,'CN886785',5),('EPP1511160001','SGJ15111619','2015-11-16',1080000,'4','2015-11-17','1',2,'cp 797718',5),('EPP1511170001','SGJ15111705','2015-11-17',1080000,'4','2015-11-18','0',2,'CN886786',5);

/*Table structure for table `pemakai` */

DROP TABLE IF EXISTS `pemakai`;

CREATE TABLE `pemakai` (
  `id` int(11) NOT NULL AUTO_INCREMENT,
  `id_karyawan` int(11) DEFAULT NULL,
  `user` text,
  `kunci` text,
  `hapus` varchar(1) DEFAULT NULL,
  PRIMARY KEY (`id`)
) ENGINE=InnoDB AUTO_INCREMENT=8 DEFAULT CHARSET=latin1;

/*Data for the table `pemakai` */

insert  into `pemakai`(`id`,`id_karyawan`,`user`,`kunci`,`hapus`) values (1,1,'WWc9PQ==','WWc9PQ==','0'),(2,2,'WVdkMWJtZG9ZWEk0T0RFeQ==','TVRNMk1qVTFPREE9','0'),(3,5,'YzNWdFltVnlJR2RoYzJsdVpHOD0=','YzNWdFltVnlaMkZ6YVc1a2J6ZzQ=','0'),(4,6,'ZVhWc2FYVnpaVzVrWVhJPQ==','TVRrd056RTVPRGs9','0'),(5,8,'YlhWMGFHOXphVzQ9','WjNWa1lXNW4=','0'),(6,9,'ZVhWc2FXRT0=','TVRJek5EVT0=','0'),(7,13,'WkdGdWFXVnNaWEJ6','ZEdobGJHVnJhVzVsZEdocFl3PT0=','0');

/*Table structure for table `pembelian` */

DROP TABLE IF EXISTS `pembelian`;

CREATE TABLE `pembelian` (
  `id` varchar(14) NOT NULL,
  `tgl_tebus` date DEFAULT NULL,
  `no_lo` varchar(12) DEFAULT NULL,
  `no_sa` varchar(8) DEFAULT NULL,
  `id_barang` int(11) DEFAULT NULL,
  `jml_tabung` double DEFAULT NULL,
  `harga_satuan` double DEFAULT NULL,
  `pajak` double DEFAULT NULL,
  `diskon` double DEFAULT NULL,
  `bea_admin` double DEFAULT NULL,
  `grand_total` double DEFAULT NULL,
  `id_bank` int(11) DEFAULT NULL,
  `no_bukti` varchar(15) DEFAULT NULL,
  `jenis_tarikan` varchar(1) DEFAULT NULL,
  `id_karyawan` int(11) DEFAULT NULL,
  PRIMARY KEY (`id`)
) ENGINE=InnoDB DEFAULT CHARSET=latin1;

/*Data for the table `pembelian` */

insert  into `pembelian`(`id`,`tgl_tebus`,`no_lo`,`no_sa`,`id_barang`,`jml_tabung`,`harga_satuan`,`pajak`,`diskon`,`bea_admin`,`grand_total`,`id_bank`,`no_bukti`,`jenis_tarikan`,`id_karyawan`) values ('EPB1511110001','2015-11-11','8066357256','804644',1,360,11584.78,417052,0,0,4587573,1,'151111180156','1',9),('EPB1511110002','2015-11-11','8066357257','804644',1,360,11584.78,417052,0,0,4587573,1,'151111180156','1',9),('EPB1511110003','2015-11-11','8066357258','804644',1,560,11584.78,648748,0,5000,7141224,1,'151111180156','1',9),('EPB1511120001','2015-11-12','8066408417','804644',1,560,11584.78,648748,0,0,7136224,1,'151112180371','1',9),('EPB1511120002','2015-11-12','8066408418','804644',1,560,11584.78,648748,0,0,7136224,1,'151112180371','1',9),('EPB1511120003','2015-11-12','80664084019','804644',1,360,11584.78,417052,0,5000,4592573,1,'151112180371','1',9);

/*Table structure for table `penjualan` */

DROP TABLE IF EXISTS `penjualan`;

CREATE TABLE `penjualan` (
  `id` varchar(14) NOT NULL,
  `tgl` date DEFAULT NULL,
  `id_konsumen` int(11) DEFAULT NULL,
  `id_barang` int(11) DEFAULT NULL,
  `jml` double DEFAULT NULL,
  `harga_jual` double DEFAULT NULL,
  `het` double DEFAULT NULL,
  `total_jual` double DEFAULT NULL,
  `total_het` double DEFAULT NULL,
  `total_bayar` double DEFAULT NULL,
  `jenis` varchar(1) DEFAULT NULL,
  `tgl_tempo` date DEFAULT NULL,
  `id_bank` int(11) DEFAULT NULL,
  `no_bukti` text,
  `id_sales` int(11) DEFAULT NULL,
  `id_karyawan` int(11) DEFAULT NULL,
  `no_nota` varchar(7) DEFAULT NULL,
  PRIMARY KEY (`id`)
) ENGINE=InnoDB DEFAULT CHARSET=latin1;

/*Data for the table `penjualan` */

insert  into `penjualan`(`id`,`tgl`,`id_konsumen`,`id_barang`,`jml`,`harga_jual`,`het`,`total_jual`,`total_het`,`total_bayar`,`jenis`,`tgl_tempo`,`id_bank`,`no_bukti`,`id_sales`,`id_karyawan`,`no_nota`) values ('EGN15111101','2015-11-11',2,1,100,14250,14250,1425000,1425000,1425000,'2','0000-00-00',1,'100340',2,5,'043019'),('EGN15111102','2015-11-11',13,1,100,14250,14250,1425000,1425000,1425000,'2','0000-00-00',1,'100341',2,5,'043020'),('EGN15111103','2015-11-11',16,1,100,14250,14250,1425000,1425000,1425000,'2','0000-00-00',1,'100342',2,5,'043021'),('EGN15111104','2015-11-11',14,1,100,14250,14250,1425000,1425000,1425000,'2','0000-00-00',1,'100343',2,5,'043022'),('EGN15111105','2015-11-11',8,1,100,14250,14250,1425000,1425000,1425000,'2','0000-00-00',1,'100344',2,5,'043023'),('EGN15111106','2015-11-11',11,1,160,14250,14250,2280000,2280000,2280000,'2','0000-00-00',1,'100345',2,5,'043024'),('EGN15111107','2015-11-11',12,1,100,14250,14250,1425000,1425000,1425000,'2','0000-00-00',1,'100346',2,5,'043025'),('EGN15111108','2015-11-11',1,1,100,14250,14250,1425000,1425000,1425000,'2','0000-00-00',1,'100347',2,5,'043026'),('EGN15111109','2015-11-11',5,1,80,14250,14250,1140000,1140000,1140000,'2','0000-00-00',1,'100348',2,5,'043027'),('EGN15111110','2015-11-11',17,1,100,17000,14250,1700000,1700000,1700000,'1','0000-00-00',1,'0009107T51030009121110222071180',2,5,'043028'),('EGN15111111','2015-11-11',18,1,50,15000,14250,750000,750000,750000,'1','0000-00-00',1,'0009107T51030009121110222071180',2,5,'043029'),('EGN15111112','2015-11-11',19,1,50,14250,14250,712500,712500,712500,'1','0000-00-00',1,'0009107T51030009121110222071180',2,5,'043030'),('EGN15111113','2015-11-11',3,1,80,14250,14250,1140000,1140000,1140000,'3','0000-00-00',1,'z699-CRM-0',2,5,'043031'),('EGN15111114','2015-11-11',10,1,80,14250,14250,1140000,1140000,1140000,'3','0000-00-00',1,'z699-CRM-0',2,5,'043032'),('EGN15111115','2015-11-11',6,1,100,14250,14250,1425000,1425000,1425000,'3','0000-00-00',1,'z699-CRM-0',2,5,'043033'),('EGN15111116','2015-11-11',4,1,100,14250,14250,1425000,1425000,1425000,'3','0000-00-00',1,'z699-CRM-0',2,5,'043034'),('EGN15111201','2015-11-12',2,1,100,14250,14250,1425000,1425000,1425000,'2','0000-00-00',1,'100349',2,5,'043035'),('EGN15111202','2015-11-12',13,1,100,14250,14250,1425000,1425000,1425000,'2','0000-00-00',1,'100350',2,5,'043036'),('EGN15111203','2015-11-12',16,1,100,14250,14250,1425000,1425000,1425000,'2','0000-00-00',1,'100351',2,5,'043037'),('EGN15111204','2015-11-12',12,1,100,14250,14250,1425000,1425000,1425000,'2','0000-00-00',1,'100353',2,5,'043038'),('EGN15111205','2015-11-12',1,1,100,14250,14250,1425000,1425000,1425000,'2','0000-00-00',1,'100354',2,5,'043039'),('EGN15111206','2015-11-12',14,1,80,14250,14250,1140000,1140000,1140000,'2','0000-00-00',1,'100355',2,5,'043040'),('EGN15111207','2015-11-12',8,1,100,14250,14250,1425000,1425000,1425000,'2','0000-00-00',1,'100356',2,5,'043041'),('EGN15111208','2015-11-12',5,1,80,14250,14250,1140000,1140000,1140000,'2','0000-00-00',1,'100357',2,5,'043042'),('EGN15111209','2015-11-12',3,1,80,14250,14250,1140000,1140000,1140000,'3','0000-00-00',1,'Z699-CRM 047',2,5,'043043'),('EGN15111210','2015-11-12',10,1,80,14250,14250,1140000,1140000,1140000,'3','0000-00-00',1,'Z699-CRM 047',2,5,'043044'),('EGN15111211','2015-11-12',4,1,100,14250,14250,1425000,1425000,1425000,'3','0000-00-00',1,'Z699-CRM 047',2,5,'043045'),('EGN15111212','2015-11-12',6,1,100,14250,14250,1425000,1425000,1425000,'3','0000-00-00',1,'Z699-CRM 047',2,5,'043046'),('EGN15111213','2015-11-12',10,1,100,14250,14250,1425000,1425000,1425000,'3','0000-00-00',1,'012155743499',2,5,'043047'),('EGN15111301','2015-11-13',13,1,100,14250,14250,1425000,1425000,1425000,'2','0000-00-00',1,'100358',2,5,'043048'),('EGN15111302','2015-11-13',2,1,100,14250,14250,1425000,1425000,1425000,'2','0000-00-00',1,'100359',2,5,'043049'),('EGN15111303','2015-11-13',11,1,160,14250,14250,2280000,2280000,2280000,'2','0000-00-00',1,'100360',2,5,'043051'),('EGN15111304','2015-11-13',16,1,100,14250,14250,1425000,1425000,1425000,'2','0000-00-00',1,'100361',2,5,'043052'),('EGN15111305','2015-11-13',12,1,100,14250,14250,1425000,1425000,1425000,'2','0000-00-00',1,'100362',2,5,'043053'),('EGN15111306','2015-11-13',1,1,100,14250,14250,1425000,1425000,1425000,'2','0000-00-00',1,'100363',2,5,'043054'),('EGN15111307','2015-11-13',14,1,100,14250,14250,1425000,1425000,1425000,'2','0000-00-00',1,'100364',2,5,'043055'),('EGN15111308','2015-11-13',8,1,100,14250,14250,1425000,1425000,1425000,'2','0000-00-00',1,'100365',2,5,'043056'),('EGN15111309','2015-11-13',10,1,80,14250,14250,1140000,1140000,1140000,'3','0000-00-00',1,'Z699-CMR 047',2,5,'043057'),('EGN15111310','2015-11-13',3,1,80,14250,14250,1140000,1140000,1140000,'3','0000-00-00',1,'Z699-CMR 047',2,5,'043058'),('EGN15111311','2015-11-13',4,1,100,14250,14250,1425000,1425000,1425000,'3','0000-00-00',1,'Z699-CMR 047',2,5,'043059'),('EGN15111312','2015-11-13',6,1,100,14250,14250,1425000,1425000,1425000,'3','0000-00-00',1,'Z699-CMR 047',2,5,'043060'),('EGN15111401','2015-11-14',14,1,50,14250,14250,712500,712500,712500,'1','0000-00-00',1,'0009013T5103000916110958321180',2,5,'043061'),('EGN15111402','2015-11-14',2,1,100,14250,14250,1425000,1425000,1425000,'2','0000-00-00',1,'100366',2,5,'043062'),('EGN15111403','2015-11-14',13,1,100,14250,14250,1425000,1425000,1425000,'2','0000-00-00',1,'100367',2,5,'043063'),('EGN15111404','2015-11-14',16,1,100,14250,14250,1425000,1425000,1425000,'2','0000-00-00',1,'100368',2,5,'043064'),('EGN15111405','2015-11-14',1,1,100,14250,14250,1425000,1425000,1425000,'2','0000-00-00',1,'100369',2,5,'043065'),('EGN15111406','2015-11-14',12,1,100,14250,14250,1425000,1425000,1425000,'2','0000-00-00',1,'100370',2,5,'043066'),('EGN15111407','2015-11-14',5,1,80,14250,14250,1140000,1140000,1140000,'2','0000-00-00',1,'100371,100372',2,5,'043067'),('EGN15111408','2015-11-14',19,1,70,14250,14250,997500,997500,997500,'1','0000-00-00',1,'0009013T5103000916110958321180',2,5,'043068'),('EGN15111409','2015-11-14',17,1,100,17000,14250,1700000,1700000,1700000,'1','0000-00-00',1,'0009013T5103000916110958321180',2,5,'043069'),('EGN15111410','2015-11-14',18,1,50,15000,14250,750000,750000,750000,'1','0000-00-00',1,'0009013T5103000916110958321180',2,5,'043070'),('EGN15111411','2015-11-14',10,1,80,14250,14250,1140000,1140000,1140000,'3','0000-00-00',1,'Z698-CRM 047',2,5,'043071'),('EGN15111412','2015-11-14',3,1,80,14250,14250,1140000,1140000,1140000,'3','0000-00-00',1,'Z698-CRM 047',2,5,'043072'),('EGN15111413','2015-11-14',4,1,100,14250,14250,1425000,1425000,1425000,'3','0000-00-00',1,'Z698-CRM 047',2,5,'043073'),('EGN15111414','2015-11-14',6,1,100,14250,14250,1425000,1425000,1425000,'3','0000-00-00',1,'Z698-CRM 047',2,5,'043074'),('EGN15111601','2015-11-16',2,1,100,14250,14250,1425000,1425000,1425000,'2','0000-00-00',1,'100373',2,5,'043075'),('EGN15111602','2015-11-16',13,1,100,14250,14250,1425000,1425000,1425000,'2','0000-00-00',1,'100374',2,5,'043076'),('EGN15111603','2015-11-16',19,1,50,14250,14250,712500,712500,712500,'1','0000-00-00',1,'0009020T5103000917110918211180',2,5,'043077'),('EGN15111604','2015-11-16',1,1,100,14250,14250,1425000,1425000,1425000,'2','0000-00-00',1,'100375',2,5,'043078'),('EGN15111605','2015-11-16',16,1,100,14250,14250,1425000,1425000,1425000,'2','0000-00-00',1,'100376',2,5,'043079'),('EGN15111606','2015-11-16',11,1,160,14250,14250,2280000,2280000,2280000,'2','0000-00-00',1,'100377',2,5,'043080'),('EGN15111607','2015-11-16',14,1,80,14250,14250,1140000,1140000,1140000,'2','0000-00-00',1,'100378',2,5,'043081'),('EGN15111608','2015-11-16',8,1,100,14250,14250,1425000,1425000,1425000,'2','0000-00-00',1,'100379',2,5,'043082'),('EGN15111609','2015-11-16',5,1,80,14250,14250,1140000,1140000,1140000,'2','0000-00-00',1,'100380',2,5,'043083'),('EGN15111610','2015-11-16',12,1,100,14250,14250,1425000,1425000,1425000,'2','0000-00-00',1,'100381',2,5,'043084'),('EGN15111611','2015-11-16',3,1,80,14250,14250,1140000,1140000,1140000,'3','0000-00-00',1,'Z699-CRM 047',2,5,'043085'),('EGN15111612','2015-11-16',10,1,80,14250,14250,1140000,1140000,1140000,'3','0000-00-00',1,'Z699-CRM 047',2,5,'043086'),('EGN15111613','2015-11-16',4,1,100,14250,14250,1425000,1425000,1425000,'3','0000-00-00',1,'Z699-CRM 047',2,5,'043087'),('EGN15111614','2015-11-16',6,1,100,14250,14250,1425000,1425000,1425000,'3','0000-00-00',1,'Z699-CRM 047',2,5,'043088'),('EGN15111615','2015-11-16',10,1,100,14250,14250,1425000,1425000,1425000,'3','0000-00-00',1,'016151218143',2,5,'043089'),('EGN15111701','2015-11-17',2,1,100,14250,14250,1425000,1425000,1425000,'2','0000-00-00',1,'100382',2,5,'043090'),('EGN15111702','2015-11-17',13,1,100,14250,14250,1425000,1425000,1425000,'2','0000-00-00',1,'100383',2,5,'043091'),('EGN15111703','2015-11-17',16,1,100,14250,14250,1425000,1425000,1425000,'2','0000-00-00',1,'100384',2,5,'043092'),('EGN15111704','2015-11-17',14,1,100,14250,14250,1425000,1425000,1425000,'2','0000-00-00',1,'100385',2,5,'043093'),('EGN15111705','2015-11-17',8,1,100,14250,14250,1425000,1425000,1425000,'2','0000-00-00',1,'100386',2,5,'043094'),('EGN15111706','2015-11-17',1,1,100,14250,14250,1425000,1425000,1425000,'2','0000-00-00',1,'100387',2,5,'043095'),('EGN15111707','2015-11-17',12,1,100,14250,14250,1425000,1425000,1425000,'2','0000-00-00',1,'100388',2,5,'043096'),('EGN15111708','2015-11-17',3,1,80,14250,14250,1140000,1140000,1140000,'3','0000-00-00',1,'Z698-CRM 047',2,5,'043097'),('EGN15111709','2015-11-17',10,1,80,14250,14250,1140000,1140000,1140000,'3','0000-00-00',1,'Z698-CRM 047',2,5,'043098'),('EGN15111710','2015-11-17',4,1,100,14250,14250,1425000,1425000,1425000,'3','0000-00-00',1,'Z698-CRM 047',2,5,'043099'),('EGN15111711','2015-11-17',6,1,100,14250,14250,1425000,1425000,1425000,'3','0000-00-00',1,'Z698-CRM 047',2,5,'043100'),('EGN15111712','2015-11-17',5,1,80,14250,14250,1140000,1140000,1140000,'2','0000-00-00',1,'100389',2,5,'043101'),('SGJ15111101','2015-11-11',12,2,3,132800,0,398400,398400,398400,'2','0000-00-00',2,'100042',2,5,'030080'),('SGJ15111102','2015-11-11',31,2,12,138000,0,1656000,1656000,0,'4','2015-12-11',0,'-',2,5,'030369'),('SGJ15111103','2015-11-11',32,2,5,137000,0,685000,685000,0,'4','2015-12-11',0,'-',2,5,'030370'),('SGJ15111104','2015-11-11',33,2,2,137000,0,274000,274000,0,'4','2015-12-11',0,'-',2,5,'030371'),('SGJ15111105','2015-11-11',34,2,5,134000,0,670000,670000,670000,'1','0000-00-00',2,'0009107T51030009121110222221180',2,5,'030372'),('SGJ15111106','2015-11-11',35,2,3,134000,0,402000,402000,402000,'1','0000-00-00',2,'0009107T51030009121110222221180',2,5,'030373'),('SGJ15111107','2015-11-11',36,2,3,134000,0,402000,402000,402000,'1','0000-00-00',2,'0009107T51030009121110222221180',2,5,'030374'),('SGJ15111108','2015-11-11',37,2,7,135000,0,945000,945000,945000,'1','0000-00-00',2,'0009107T51030009121110222221180',2,5,'030375'),('SGJ15111109','2015-11-11',38,2,2,134000,0,268000,268000,268000,'1','0000-00-00',2,'0009107T51030009121110222221180',2,5,'030323'),('SGJ15111110','2015-11-11',39,2,1,134000,0,134000,134000,134000,'1','0000-00-00',2,'0009107T51030009121110222221180',2,5,'030324'),('SGJ15111111','2015-11-11',40,2,7,134000,0,938000,938000,938000,'1','0000-00-00',2,'0009107T51030009121110222221180',2,5,'030325'),('SGJ15111112','2015-11-11',41,4,1,140000,0,140000,140000,140000,'1','0000-00-00',2,'0009107T51030009121110222221180',2,5,'030326'),('SGJ15111113','2015-11-11',24,2,4,133000,0,532000,532000,532000,'1','0000-00-00',2,'0009107T51030009121110222221180',2,5,'030403'),('SGJ15111114','2015-11-11',25,2,4,127000,0,508000,508000,0,'4','2015-12-11',0,'-',2,5,'030404'),('SGJ15111115','2015-11-11',26,2,5,134000,0,670000,670000,0,'4','2015-12-11',0,'-',2,5,'030405'),('SGJ15111116','2015-11-11',28,2,2,134000,0,268000,268000,268000,'1','0000-00-00',2,'0009107T51030009121110222221180',2,5,'030407'),('SGJ15111117','2015-11-11',29,2,2,137000,0,274000,274000,274000,'1','0000-00-00',2,'0009107T51030009121110222221180',2,5,'030408'),('SGJ15111118','2015-11-11',30,2,2,135000,0,270000,270000,270000,'1','0000-00-00',2,'0009107T51030009121110222221180',2,5,'030409'),('SGJ15111201','2015-11-12',42,4,1,136000,0,136000,136000,136000,'1','0000-00-00',2,'0009092T5103000913110925411180',2,5,'030081'),('SGJ15111202','2015-11-12',43,4,1,136000,0,136000,136000,136000,'1','0000-00-00',2,'0009092T5103000913110925411180',2,5,'030082'),('SGJ15111203','2015-11-12',12,2,3,132800,0,398400,398400,398400,'2','0000-00-00',2,'100043',2,5,'030083'),('SGJ15111204','2015-11-12',44,3,8,580000,0,4640000,4640000,0,'4','2015-12-12',0,'-',2,5,'030410'),('SGJ15111205','2015-11-12',45,2,12,135000,0,1620000,1620000,0,'4','2015-12-12',0,'-',2,5,'030411'),('SGJ15111206','2015-11-12',51,2,1,135000,0,135000,135000,135000,'1','0000-00-00',2,'0009092T5103000913110925411180',2,5,'030412'),('SGJ15111207','2015-11-12',25,2,6,127000,0,762000,762000,0,'4','2015-12-12',0,'-',2,5,'030413'),('SGJ15111208','2015-11-12',29,4,2,140000,0,280000,280000,280000,'1','0000-00-00',2,'0009092T5103000913110925411180',2,5,'030414'),('SGJ15111209','2015-11-12',46,2,1,135000,0,135000,135000,0,'4','2015-12-12',0,'-',2,5,'030415'),('SGJ15111210','2015-11-12',46,3,3,600000,0,1800000,1800000,0,'4','2015-12-12',0,'-',2,5,'030415'),('SGJ15111211','2015-11-12',47,2,2,137000,0,274000,274000,0,'4','2015-12-12',0,'-',2,5,'030328'),('SGJ15111212','2015-11-12',48,2,2,134000,0,268000,268000,268000,'1','0000-00-00',2,'0009092T5103000913110925411180',2,5,'030329'),('SGJ15111213','2015-11-12',49,2,3,134000,0,402000,402000,402000,'1','0000-00-00',2,'0009092T5103000913110925411180',2,5,'030330'),('SGJ15111214','2015-11-12',50,2,3,134000,0,402000,402000,402000,'1','0000-00-00',2,'0009092T5103000913110925411180',2,5,'030331'),('SGJ15111215','2015-11-12',52,2,11,134000,0,1474000,1474000,0,'4','2015-12-12',0,'-',2,5,'030376'),('SGJ15111216','2015-11-12',53,2,10,139000,0,1390000,1390000,0,'4','2015-12-12',0,'-',2,5,'030377'),('SGJ15111217','2015-11-12',54,2,10,134000,0,1340000,1340000,1340000,'1','0000-00-00',2,'0009092T5103000913110925411180',2,5,'030380'),('SGJ15111218','2015-11-12',55,2,4,134000,0,536000,536000,536000,'1','0000-00-00',2,'0009092T5103000913110925411180',2,5,'030381'),('SGJ15111219','2015-11-12',56,2,3,134000,0,402000,402000,402000,'1','0000-00-00',2,'0009092T5103000913110925411180',2,5,'030382'),('SGJ15111220','2015-11-12',57,2,3,134000,0,402000,402000,402000,'1','0000-00-00',2,'0009092T5103000913110925411180',2,5,'030383'),('SGJ15111221','2015-11-12',58,2,3,134000,0,402000,402000,402000,'1','0000-00-00',2,'0009092T5103000913110925411180',2,5,'030384'),('SGJ15111222','2015-11-12',59,2,3,137000,0,411000,411000,0,'4','2015-12-12',0,'-',2,5,'030385'),('SGJ15111301','2015-11-13',60,2,2,134000,0,268000,268000,268000,'1','0000-00-00',2,'0009409T5103000916111001041180',2,5,'030238'),('SGJ15111302','2015-11-13',61,2,3,134000,0,402000,402000,402000,'1','0000-00-00',2,'0009409T5103000916111001041180',2,5,'030239'),('SGJ15111303','2015-11-13',62,2,2,137000,0,274000,274000,274000,'1','0000-00-00',2,'0009409T5103000916111001041180',2,5,'030240'),('SGJ15111304','2015-11-13',11,2,3,132800,0,398400,398400,398400,'2','0000-00-00',2,'100044',2,5,'030084'),('SGJ15111305','2015-11-13',12,2,4,132800,0,531200,531200,531200,'2','0000-00-00',2,'100045',2,5,'030085'),('SGJ15111306','2015-11-13',64,2,3,137000,0,411000,411000,0,'4','2015-12-13',0,'-',2,5,'030416'),('SGJ15111307','2015-11-13',26,2,4,134000,0,536000,536000,0,'4','2015-12-13',0,'-',2,5,'030417'),('SGJ15111308','2015-11-13',30,2,2,135000,0,270000,270000,270000,'1','0000-00-00',2,'0009409T5103000916111001041180',2,5,'030418'),('SGJ15111309','2015-11-13',28,2,4,133000,0,532000,532000,532000,'1','0000-00-00',2,'0009409T5103000916111001041180',2,5,'030419'),('SGJ15111310','2015-11-13',63,2,3,134000,0,402000,402000,402000,'1','0000-00-00',2,'0009409T5103000916111001041180',2,5,'030420'),('SGJ15111311','2015-11-13',32,2,7,137000,0,959000,959000,0,'4','2015-12-13',0,'-',2,5,'030387'),('SGJ15111312','2015-11-13',68,3,2,540000,0,1080000,1080000,1080000,'4','2015-11-13',0,'-',2,5,'030388'),('SGJ15111313','2015-11-13',65,3,1,540000,0,540000,540000,540000,'4','2015-11-13',0,'-',2,5,'030389'),('SGJ15111314','2015-11-13',40,2,5,134000,0,670000,670000,670000,'1','0000-00-00',2,'0009409T5103000916111001041180',2,5,'030390'),('SGJ15111315','2015-11-13',66,2,2,135000,0,270000,270000,270000,'1','0000-00-00',2,'0009409T5103000916111001041180',2,5,'030391'),('SGJ15111316','2015-11-13',67,2,5,137000,0,685000,685000,0,'4','2015-12-13',0,'-',2,5,'030392'),('SGJ15111401','2015-11-14',69,2,1,133000,0,133000,133000,133000,'1','0000-00-00',1,'0009013T5103000916110959061180',2,5,'030086'),('SGJ15111402','2015-11-14',76,2,1,138000,0,138000,138000,0,'4','2015-12-14',0,'-',2,5,'030087'),('SGJ15111403','2015-11-14',76,3,22,540000,0,11880000,11880000,0,'4','2015-12-14',0,'-',2,5,'030087'),('SGJ15111404','2015-11-14',31,2,15,138000,0,2070000,2070000,0,'4','2015-12-14',0,'-',2,5,'030393'),('SGJ15111405','2015-11-14',74,2,12,134000,0,1608000,1608000,0,'4','2015-12-14',0,'-',2,5,'030394'),('SGJ15111406','2015-11-14',75,3,3,540000,0,1620000,1620000,0,'4','2015-12-14',0,'-',2,5,'030395'),('SGJ15111407','2015-11-14',40,2,3,134000,0,402000,402000,402000,'1','0000-00-00',1,'0009013T5103000916110959061180',2,5,'030396'),('SGJ15111408','2015-11-14',33,2,4,137000,0,548000,548000,0,'4','2015-12-14',0,'-',2,5,'030398'),('SGJ15111409','2015-11-14',52,2,8,134000,0,1072000,1072000,0,'4','2015-12-14',0,'-',2,5,'030399'),('SGJ15111410','2015-11-14',37,2,4,135000,0,540000,540000,540000,'1','0000-00-00',1,'0009013T5103000916110959061180',2,5,'030241'),('SGJ15111411','2015-11-14',36,2,3,134000,0,402000,402000,402000,'1','0000-00-00',1,'0009013T5103000916110959061180',2,5,'030242'),('SGJ15111412','2015-11-14',62,2,2,137000,0,274000,274000,0,'4','2015-12-14',0,'-',2,5,'030243'),('SGJ15111413','2015-11-14',72,3,4,540000,0,2160000,2160000,0,'4','2015-12-14',0,'-',2,5,'030244'),('SGJ15111414','2015-11-14',73,2,3,134000,0,402000,402000,402000,'1','0000-00-00',1,'0009013T5103000916110959061180',2,5,'030245'),('SGJ15111415','2015-11-14',70,3,8,545000,0,4360000,4360000,0,'4','2015-12-14',0,'-',2,5,'030421'),('SGJ15111416','2015-11-14',30,2,2,135000,0,270000,270000,270000,'1','0000-00-00',1,'0009013T5103000916110959061180',2,5,'030422'),('SGJ15111417','2015-11-14',71,3,4,545000,0,2180000,2180000,0,'4','2015-12-14',0,'-',2,5,'030423'),('SGJ15111601','2015-11-16',11,2,4,132800,0,531200,531200,531200,'2','0000-00-00',2,'100046',2,5,'030088'),('SGJ15111602','2015-11-16',11,4,1,136000,0,136000,136000,136000,'2','0000-00-00',2,'100046',2,5,'030088'),('SGJ15111603','2015-11-16',12,2,8,132800,0,1062400,1062400,1062400,'2','0000-00-00',2,'100047',2,5,'030089'),('SGJ15111604','2015-11-16',28,2,2,133000,0,266000,266000,266000,'1','0000-00-00',2,'0009020T5103000917110918431180',2,5,'30424'),('SGJ15111605','2015-11-16',32,2,5,137000,0,685000,685000,0,'4','2015-12-16',0,'-',2,5,'030246'),('SGJ15111606','2015-11-16',30,2,2,135000,0,270000,270000,270000,'1','0000-00-00',2,'0009020T5103000917110918431180',2,5,'30425'),('SGJ15111607','2015-11-16',26,2,6,134000,0,804000,804000,0,'4','2015-12-16',0,'-',2,5,'30426'),('SGJ15111608','2015-11-16',24,2,4,133000,0,532000,532000,532000,'1','0000-00-00',2,'0009020T5103000917110918431180',2,5,'30427'),('SGJ15111609','2015-11-16',45,2,10,135000,0,1350000,1350000,0,'4','2015-12-16',0,'-',2,5,'30428'),('SGJ15111610','2015-11-16',25,2,12,127000,0,1524000,1524000,0,'4','2015-12-16',0,'-',2,5,'30430'),('SGJ15111611','2015-11-16',78,2,6,137000,0,822000,822000,0,'4','2015-12-16',0,'-',1,5,'30429'),('SGJ15111612','2015-11-16',32,2,5,137000,0,685000,685000,0,'4','2015-12-16',0,'-',2,5,'30246'),('SGJ15111613','2015-11-16',77,2,3,134000,0,402000,402000,402000,'1','0000-00-00',2,'0009020T5103000917110918431180',2,5,'30247'),('SGJ15111614','2015-11-16',36,2,2,134000,0,268000,268000,268000,'1','0000-00-00',2,'0009020T5103000917110918431180',2,5,'30248'),('SGJ15111615','2015-11-16',74,2,11,134000,0,1474000,1474000,0,'4','2015-12-16',0,'-',2,5,'30249'),('SGJ15111616','2015-11-16',31,2,9,138000,0,1242000,1242000,0,'4','2015-12-16',0,'-',2,5,'30250'),('SGJ15111617','2015-11-16',62,2,2,137000,0,274000,274000,0,'4','2015-12-16',0,'-',2,5,'30501'),('SGJ15111618','2015-11-16',79,3,6,530000,0,3180000,3180000,0,'4','2015-12-16',0,'-',2,5,'30502'),('SGJ15111619','2015-11-16',68,3,2,540000,0,1080000,1080000,1080000,'4','2015-11-16',0,'-',2,5,'30503'),('SGJ15111620','2015-11-16',40,2,6,134000,0,804000,804000,804000,'1','0000-00-00',2,'0009020T5103000917110918431180',2,5,'030332'),('SGJ15111621','2015-11-16',80,2,3,132800,0,398400,398400,398400,'1','0000-00-00',2,'0009020T5103000917110918431180',2,5,'030333'),('SGJ15111622','2015-11-16',81,2,2,134000,0,268000,268000,268000,'1','0000-00-00',2,'0009020T5103000917110918431180',2,5,'030334'),('SGJ15111623','2015-11-16',83,2,1,134000,0,134000,134000,134000,'1','0000-00-00',2,'0009020T5103000917110918431180',2,5,'030335'),('SGJ15111624','2015-11-16',82,3,15,540000,0,8100000,8100000,0,'4','2015-12-16',0,'-',2,5,'030090'),('SGJ15111701','2015-11-17',84,2,20,137000,0,2740000,2740000,0,'4','2015-12-17',0,'-',2,5,'030451'),('SGJ15111702','2015-11-17',85,2,4,139000,0,556000,556000,0,'4','2015-12-17',0,'-',2,5,'030452'),('SGJ15111703','2015-11-17',33,2,1,137000,0,137000,137000,0,'4','2015-11-17',0,'-',2,5,'030453'),('SGJ15111704','2015-11-17',86,2,6,137000,0,822000,822000,0,'4','2015-12-17',0,'-',2,5,'030454'),('SGJ15111705','2015-11-17',65,3,2,540000,0,1080000,1080000,1080000,'4','2015-11-17',0,'-',2,5,'030455'),('SGJ15111706','2015-11-17',61,2,4,134000,0,536000,536000,0,'4','2015-12-17',0,'-',2,5,'030504'),('SGJ15111707','2015-11-17',60,2,2,134000,0,268000,268000,0,'4','2015-12-17',0,'-',2,5,'030505'),('SGJ15111708','2015-11-17',87,2,4,134000,0,536000,536000,0,'4','2015-12-17',0,'-',2,5,'030506'),('SGJ15111709','2015-11-17',52,2,6,134000,0,804000,804000,0,'4','2015-12-17',0,'-',2,5,'030507'),('SGJ15111710','2015-11-17',5,2,1,132800,0,132800,132800,132800,'2','0000-00-00',2,'100050',2,5,'030092'),('SGJ15111711','2015-11-17',80,2,4,132800,0,531200,531200,531200,'1','0000-00-00',2,'',2,5,'030336'),('SGJ15111712','2015-11-17',88,2,1,134000,0,134000,134000,134000,'1','0000-00-00',2,'',2,5,'030337'),('SGJ15111713','2015-11-17',89,2,1,134000,0,134000,134000,134000,'1','0000-00-00',2,'',2,5,'030338'),('SGJ15111714','2015-11-17',90,2,1,134000,0,134000,134000,134000,'1','0000-00-00',2,'',2,5,'030339'),('SGJ15111715','2015-11-17',91,2,1,134000,0,134000,134000,134000,'1','0000-00-00',2,'',2,5,'030340'),('SGJ15111716','2015-11-17',59,2,1,137000,0,137000,137000,0,'4','2015-12-17',0,'-',2,5,'030341'),('SGJ15111717','2015-11-17',59,4,2,140000,0,280000,280000,0,'4','2015-12-17',0,'-',2,5,'030341'),('SGJ15111718','2015-11-17',93,3,4,530000,0,2120000,2120000,0,'4','2015-12-17',0,'-',2,5,'030431'),('SGJ15111719','2015-11-17',93,4,4,140000,0,560000,560000,0,'4','2015-12-17',0,'-',2,5,'030432'),('SGJ15111720','2015-11-17',94,2,4,137000,0,548000,548000,0,'4','2015-12-17',0,'-',2,5,'030433'),('SGJ15111721','2015-11-17',46,3,4,600000,0,2400000,2400000,0,'4','2015-12-17',0,'-',2,5,'030434'),('SGJ15111722','2015-11-17',95,2,1,135000,0,135000,135000,135000,'1','0000-00-00',2,'',2,5,'030435'),('SGJ15111723','2015-11-17',96,2,2,137000,0,274000,274000,274000,'1','0000-00-00',2,'',2,5,'030436');

/*Table structure for table `penjualan_acc_gudang` */

DROP TABLE IF EXISTS `penjualan_acc_gudang`;

CREATE TABLE `penjualan_acc_gudang` (
  `id_penjualan` varchar(14) DEFAULT NULL,
  `acc_gudang` varchar(1) DEFAULT NULL,
  `id_gudang` int(11) DEFAULT NULL
) ENGINE=InnoDB DEFAULT CHARSET=latin1;

/*Data for the table `penjualan_acc_gudang` */

insert  into `penjualan_acc_gudang`(`id_penjualan`,`acc_gudang`,`id_gudang`) values ('EGN15111101','1',8),('EGN15111102','1',8),('EGN15111103','1',8),('EGN15111104','1',8),('EGN15111105','1',8),('EGN15111106','1',8),('EGN15111107','1',8),('EGN15111108','1',8),('EGN15111109','1',8),('SGJ15111101','1',8),('EGN15111110','1',8),('EGN15111111','1',8),('EGN15111112','1',8),('SGJ15111102','1',8),('SGJ15111103','1',8),('SGJ15111104','1',8),('SGJ15111105','1',8),('SGJ15111106','1',8),('SGJ15111107','1',8),('SGJ15111108','1',8),('SGJ15111109','1',8),('SGJ15111110','1',8),('SGJ15111111','1',8),('SGJ15111112','1',8),('SGJ15111113','1',8),('SGJ15111114','1',8),('SGJ15111115','1',8),('SGJ15111116','1',8),('SGJ15111117','1',8),('SGJ15111118','1',8),('EGN15111113','1',8),('EGN15111114','1',8),('EGN15111115','1',8),('EGN15111116','1',8),('EGN15111201','1',8),('EGN15111202','1',8),('EGN15111203','1',8),('SGJ15111201','1',8),('SGJ15111202','1',8),('SGJ15111203','1',8),('EGN15111204','1',8),('EGN15111205','1',8),('EGN15111206','1',8),('EGN15111207','1',8),('EGN15111208','1',8),('EGN15111209','1',8),('EGN15111210','1',8),('EGN15111211','1',8),('EGN15111212','1',8),('EGN15111213','1',8),('SGJ15111204','1',8),('SGJ15111205','1',8),('SGJ15111206','1',8),('SGJ15111207','1',8),('SGJ15111208','1',8),('SGJ15111209','1',8),('SGJ15111210','1',8),('SGJ15111211','1',8),('SGJ15111212','1',8),('SGJ15111213','1',8),('SGJ15111214','1',8),('SGJ15111215','1',8),('SGJ15111216','1',8),('SGJ15111217','1',8),('SGJ15111218','1',8),('SGJ15111219','1',8),('SGJ15111220','1',8),('SGJ15111221','1',8),('SGJ15111222','1',8),('EGN15111301','1',8),('EGN15111302','1',8),('EGN15111303','1',8),('EGN15111304','1',8),('EGN15111305','1',8),('EGN15111306','1',8),('EGN15111307','1',8),('EGN15111308','1',8),('EGN15111309','1',8),('EGN15111310','1',8),('EGN15111311','1',8),('EGN15111312','1',8),('SGJ15111301','1',8),('SGJ15111302','1',8),('SGJ15111303','1',8),('SGJ15111304','1',8),('SGJ15111305','1',8),('SGJ15111306','1',8),('SGJ15111307','1',8),('SGJ15111308','1',8),('SGJ15111309','1',8),('SGJ15111310','1',8),('SGJ15111311','1',8),('SGJ15111312','1',8),('SGJ15111313','1',8),('SGJ15111314','1',8),('SGJ15111315','1',8),('SGJ15111316','1',8),('EGN15111401','1',8),('EGN15111402','1',8),('EGN15111403','1',8),('EGN15111404','1',8),('EGN15111405','1',8),('EGN15111406','1',8),('EGN15111407','1',8),('EGN15111408','1',8),('EGN15111409','1',8),('EGN15111410','1',8),('EGN15111411','1',8),('EGN15111412','1',8),('EGN15111413','1',8),('EGN15111414','1',8),('SGJ15111401','1',8),('SGJ15111402','1',8),('SGJ15111403','1',8),('SGJ15111404','1',8),('SGJ15111405','1',8),('SGJ15111406','1',8),('SGJ15111407','1',8),('SGJ15111408','1',8),('SGJ15111409','1',8),('SGJ15111410','1',8),('SGJ15111411','1',8),('SGJ15111412','1',8),('SGJ15111413','1',8),('SGJ15111414','1',8),('SGJ15111415','1',8),('SGJ15111416','1',8),('SGJ15111417','1',8),('EGN15111601','1',8),('EGN15111602','1',8),('EGN15111603','1',8),('EGN15111604','1',8),('EGN15111605','1',8),('EGN15111606','1',8),('SGJ15111601','1',8),('SGJ15111602','1',8),('SGJ15111603','1',8),('EGN15111607','1',8),('EGN15111608','1',8),('EGN15111609','1',8),('EGN15111610','1',8),('EGN15111611','1',8),('EGN15111612','1',8),('EGN15111613','1',8),('EGN15111614','1',8),('EGN15111615','1',8),('SGJ15111604','1',8),('SGJ15111605','1',8),('SGJ15111606','1',8),('SGJ15111607','1',8),('SGJ15111608','1',8),('SGJ15111609','1',8),('SGJ15111610','1',8),('SGJ15111611','1',8),('SGJ15111612','1',8),('SGJ15111613','1',8),('SGJ15111614','1',8),('SGJ15111615','1',8),('SGJ15111616','1',8),('SGJ15111617','1',8),('SGJ15111618','1',8),('SGJ15111619','1',8),('SGJ15111620','1',8),('SGJ15111621',NULL,NULL),('SGJ15111622',NULL,NULL),('SGJ15111623',NULL,NULL),('SGJ15111624',NULL,NULL),('EGN15111701','1',8),('EGN15111702','1',8),('EGN15111703','1',8),('EGN15111704','1',8),('EGN15111705','1',8),('EGN15111706','1',8),('EGN15111707','1',8),('EGN15111708','1',8),('EGN15111709','1',8),('EGN15111710','1',8),('EGN15111711','1',8),('EGN15111712','1',8),('SGJ15111701',NULL,NULL),('SGJ15111702',NULL,NULL),('SGJ15111703',NULL,NULL),('SGJ15111704',NULL,NULL),('SGJ15111705',NULL,NULL),('SGJ15111706',NULL,NULL),('SGJ15111707',NULL,NULL),('SGJ15111708',NULL,NULL),('SGJ15111709',NULL,NULL),('SGJ15111710',NULL,NULL),('SGJ15111711',NULL,NULL),('SGJ15111712',NULL,NULL),('SGJ15111713',NULL,NULL),('SGJ15111714',NULL,NULL),('SGJ15111715',NULL,NULL),('SGJ15111716',NULL,NULL),('SGJ15111717',NULL,NULL),('SGJ15111718',NULL,NULL),('SGJ15111719',NULL,NULL),('SGJ15111720',NULL,NULL),('SGJ15111721',NULL,NULL),('SGJ15111722',NULL,NULL),('SGJ15111723',NULL,NULL);

/*Table structure for table `pinjaman_tabung` */

DROP TABLE IF EXISTS `pinjaman_tabung`;

CREATE TABLE `pinjaman_tabung` (
  `id` varchar(15) NOT NULL,
  `id_konsumen` int(11) DEFAULT NULL,
  `id_barang` int(11) DEFAULT NULL,
  `jenis_pinjaman` varchar(1) DEFAULT NULL,
  `tgl_pinjam` date DEFAULT NULL,
  `jml_pinjam` int(11) DEFAULT NULL,
  `tgl_kembali` date DEFAULT NULL,
  `jml_kembali` int(11) DEFAULT NULL,
  `acc_gudang_pinjam` varchar(1) DEFAULT NULL,
  `id_gudang_pinjam` int(11) DEFAULT NULL,
  `acc_gudang_kembali` varchar(1) DEFAULT NULL,
  `id_gudang_kembali` int(11) DEFAULT NULL,
  `id_karyawan` int(11) DEFAULT NULL,
  PRIMARY KEY (`id`)
) ENGINE=InnoDB DEFAULT CHARSET=latin1;

/*Data for the table `pinjaman_tabung` */

/*Table structure for table `stok_opname` */

DROP TABLE IF EXISTS `stok_opname`;

CREATE TABLE `stok_opname` (
  `tgl` date DEFAULT NULL,
  `id_barang` int(11) DEFAULT NULL,
  `stok_isi_lama` double DEFAULT NULL,
  `stok_isi_baru` double DEFAULT NULL,
  `stok_kosong_lama` double DEFAULT NULL,
  `stok_kosong_baru` double DEFAULT NULL,
  `stok_pinjam_lama` double DEFAULT NULL,
  `stok_pinjam_baru` double DEFAULT NULL,
  `keterangan` text,
  `id_karyawan` int(11) DEFAULT NULL
) ENGINE=InnoDB DEFAULT CHARSET=latin1;

/*Data for the table `stok_opname` */

insert  into `stok_opname`(`tgl`,`id_barang`,`stok_isi_lama`,`stok_isi_baru`,`stok_kosong_lama`,`stok_kosong_baru`,`stok_pinjam_lama`,`stok_pinjam_baru`,`keterangan`,`id_karyawan`) values ('2015-11-11',1,0,1170,0,1569,0,1062,'Stok Awal',1);

/*!40101 SET SQL_MODE=@OLD_SQL_MODE */;
/*!40014 SET FOREIGN_KEY_CHECKS=@OLD_FOREIGN_KEY_CHECKS */;
/*!40014 SET UNIQUE_CHECKS=@OLD_UNIQUE_CHECKS */;
/*!40111 SET SQL_NOTES=@OLD_SQL_NOTES */;
